Workbook

Sheet Recert Status
A1: Kentucky EMT recertification status
A2: Change the yellow expiration date and the hours recalculate for that cycle only: January 1 of the year before expiration through December 31 of the expiration year. Example: 12/31/2026 uses 2025 and 2026. 12/31/2027 uses 2026 and 2027.
A4: Met | B4: =COUNTIF(N8:N210,"Met") -> 0 | C4: Short | D4: =COUNTIF(N8:N210,"Short") -> 155 | E4: Needs exp date | F4: =COUNTIF(N8:N210,"Set exp date") -> 23
A7: Attendee | B7: KEMSIS ID | C7: Current Exp Date | D7: Cycle Start | E7: Cycle End | F7: =Requirements!A5&" ("&TEXT(Requirements!B5,"0")&")" -> Airway (4) | G7: =Requirements!A6&" ("&TEXT(Requirements!B6,"0")&")" -> Cardiovascular (5) | H7: =Requirements!A7&" ("&TEXT(Requirements!B7,"0")&")" -> Trauma (3) | I7: =Requirements!A8&" ("&TEXT(Requirements!B8,"0")&")" -> Medical (6) | J7: =Requirements!A9&" ("&TEXT(Requirements!B9,"0")&")" -> Operations (2) | K7: =Requirements!A10&" ("&TEXT(Requirements!B10,"0")&")" -> PAHT (1) | L7: =Requirements!A11&" ("&TEXT(Requirements!B11,"0")&")" -> SVAT (1) | M7: =Requirements!A12&" ("&TEXT(Requirements!B12,"0")&")" -> CPR/AED (1) | N7: Status | O7: Still needed
A8: Abell, Jeremy | B8: 1118034 | C8: 46387 | D8: =IF(C8="","",DATE(YEAR(C8)-1,1,1)) -> 45658 | E8: =IF(C8="","",DATE(YEAR(C8),12,31)) -> 46387 | F8: =IF(OR(A8="",C8=""),"",SUMPRODUCT(('Training Detail'!$A$5:$A$5000=A8)*('Training Detail'!$M$5:$M$5000=Standards!A2)*('Training Detail'!$G$5:$G$5000>=D8)*('Training Detail'!$G$5:$G$5000<=E8)*('Training Detail'!$P$5:$P$5000))) -> 2 | G8: =IF(OR(A8="",C8=""),"",SUMPRODUCT(('Training Detail'!$A$5:$A$5000=A8)*('Training Detail'!$M$5:$M$5000=Standards!A3)*('Training Detail'!$G$5:$G$5000>=D8)*('Training Detail'!$G$5:$G$5000<=E8)*('Training Detail'!$P$5:$P$5000))) -> 0 | H8: =IF(OR(A8="",C8=""),"",SUMPRODUCT(('Training Detail'!$A$5:$A$5000=A8)*('Training Detail'!$M$5:$M$5000=Standards!A4)*('Training Detail'!$G$5:$G$5000>=D8)*('Training Detail'!$G$5:$G$5000<=E8)*('Training Detail'!$P$5:$P$5000))) -> 2.5 | I8: =IF(OR(A8="",C8=""),"",SUMPRODUCT(('Training Detail'!$A$5:$A$5000=A8)*('Training Detail'!$M$5:$M$5000=Standards!A5)*('Training Detail'!$G$5:$G$5000>=D8)*('Training Detail'!$G$5:$G$5000<=E8)*('Training Detail'!$P$5:$P$5000))) -> 5 | J8: =IF(OR(A8="",C8=""),"",SUMPRODUCT(('Training Detail'!$A$5:$A$5000=A8)*('Training Detail'!$M$5:$M$5000=Standards!A6)*('Training Detail'!$G$5:$G$5000>=D8)*('Training Detail'!$G$5:$G$5000<=E8)*('Training Detail'!$P$5:$P$5000))) -> 1 | K8: =IF(OR(A8="",C8=""),"",SUMPRODUCT(('Training Detail'!$A$5:$A$5000=A8)*('Training Detail'!$M$5:$M$5000=Standards!A7)*('Training Detail'!$G$5:$G$5000>=D8)*('Training Detail'!$G$5:$G$5000<=E8)*('Training Detail'!$P$5:$P$5000))) -> 1 | L8: =IF(OR(A8="",C8=""),"",SUMPRODUCT(('Training Detail'!$A$5:$A$5000=A8)*('Training Detail'!$M$5:$M$5000=Standards!A8)*('Training Detail'!$G$5:$G$5000>=D8)*('Training Detail'!$G$5:$G$5000<=E8)*('Training Detail'!$P$5:$P$5000))) -> 1 | M8: =IF(OR(A8="",C8=""),"",SUMPRODUCT(('Training Detail'!$A$5:$A$5000=A8)*('Training Detail'!$M$5:$M$5000=Standards!A9)*('Training Detail'!$G$5:$G$5000>=D8)*('Training Detail'!$G$5:$G$5000<=E8)*('Training Detail'!$P$5:$P$5000))) -> 0 | N8: =IF(A8="","",IF(C8="","Set exp date",IF(AND(F8>=Requirements!B5,G8>=Requirements!B6,H8>=Requirements!B7,I8>=Requirements!B8,J8>=Requirements!B9,K8>=Requirements!B10,L8>=Requirements!B11,M8>=Requirements!B12),"Met","Short"))) -> Short | O8: =IF(OR(A8="",C8=""),"",IF(N8="Met","",IF(F8<Requirements!B5,Requirements!A5&" "&TEXT(Requirements!B5-F8,"0.##")&"; ","")&IF(G8<Requirements!B6,Requirements!A6&" "&TEXT(Requirements!B6-G8,"0.##")&"; ","")&IF(H8<Requirements!B7,Requirements!A7&" "&TEXT(Requirements!B7-H8,"0.##")&"; ","")&IF(I8<Requirements!B8,Requirements!A8&" "&TEXT(Requirements!B8-I8,"0.##")&"; ","")&IF(J8<Requirements!B9,Requirements!A9&" "&TEXT(Requirements!B9-J8,"0.##")&"; ","")&IF(K8<Requirements!B10,Requirements!A10&" "&TEXT(Requirements!B10-K8,"0.##")&"; ","")&IF(L8<Requirements!B11,Requirements!A11&" "&TEXT(Requirements!B11-L8,"0.##")&"; ","")&IF(M8<Requirements!B12,Requirements!A12&" "&TEXT(Requirements!B12-M8,"0.##")&"; ",""))) -> Airway 2; Cardiovascular 5; Trauma 0.5; Medical 1; Operations 1; CPR/AED 1;
A9: Adams, Jerry | B9: 1127358 | C9: 46752 | D9: =IF(C9="","",DATE(YEAR(C9)-1,1,1)) -> 46023 | E9: =IF(C9="","",DATE(YEAR(C9),12,31)) -> 46752 | F9: =IF(OR(A9="",C9=""),"",SUMPRODUCT(('Training Detail'!$A$5:$A$5000=A9)*('Training Detail'!$M$5:$M$5000=Standards!A2)*('Training Detail'!$G$5:$G$5000>=D9)*('Training Detail'!$G$5:$G$5000<=E9)*('Training Detail'!$P$5:$P$5000))) -> 0 | G9: =IF(OR(A9="",C9=""),"",SUMPRODUCT(('Training Detail'!$A$5:$A$5000=A9)*('Training Detail'!$M$5:$M$5000=Standards!A3)*('Training Detail'!$G$5:$G$5000>=D9)*('Training Detail'!$G$5:$G$5000<=E9)*('Training Detail'!$P$5:$P$5000))) -> 0 | H9: =IF(OR(A9="",C9=""),"",SUMPRODUCT(('Training Detail'!$A$5:$A$5000=A9)*('Training Detail'!$M$5:$M$5000=Standards!A4)*('Training Detail'!$G$5:$G$5000>=D9)*('Training Detail'!$G$5:$G$5000<=E9)*('Training Detail'!$P$5:$P$5000))) -> 2 | I9: =IF(OR(A9="",C9=""),"",SUMPRODUCT(('Training Detail'!$A$5:$A$5000=A9)*('Training Detail'!$M$5:$M$5000=Standards!A5)*('Training Detail'!$G$5:$G$5000>=D9)*('Training Detail'!$G$5:$G$5000<=E9)*('Training Detail'!$P$5:$P$5000))) -> 0 | J9: =IF(OR(A9="",C9=""),"",SUMPRODUCT(('Training Detail'!$A$5:$A$5000=A9)*('Training Detail'!$M$5:$M$5000=Standards!A6)*('Training Detail'!$G$5:$G$5000>=D9)*('Training Detail'!$G$5:$G$5000<=E9)*('Training Detail'!$P$5:$P$5000))) -> 1 | K9: =IF(OR(A9="",C9=""),"",SUMPRODUCT(('Training Detail'!$A$5:$A$5000=A9)*('Training Detail'!$M$5:$M$5000=Standards!A7)*('Training Detail'!$G$5:$G$5000>=D9)*('Training Detail'!$G$5:$G$5000<=E9)*('Training Detail'!$P$5:$P$5000))) -> 0 | L9: =IF(OR(A9="",C9=""),"",SUMPRODUCT(('Training Detail'!$A$5:$A$5000=A9)*('Training Detail'!$M$5:$M$5000=Standards!A8)*('Training Detail'!$G$5:$G$5000>=D9)*('Training Detail'!$G$5:$G$5000<=E9)*('Training Detail'!$P$5:$P$5000))) -> 0 | M9: =IF(OR(A9="",C9=""),"",SUMPRODUCT(('Training Detail'!$A$5:$A$5000=A9)*('Training Detail'!$M$5:$M$5000=Standards!A9)*('Training Detail'!$G$5:$G$5000>=D9)*('Training Detail'!$G$5:$G$5000<=E9)*('Training Detail'!$P$5:$P$5000))) -> 0 | N9: =IF(A9="","",IF(C9="","Set exp date",IF(AND(F9>=Requirements!B5,G9>=Requirements!B6,H9>=Requirements!B7,I9>=Requirements!B8,J9>=Requirements!B9,K9>=Requirements!B10,L9>=Requirements!B11,M9>=Requirements!B12),"Met","Short"))) -> Short | O9: =IF(OR(A9="",C9=""),"",IF(N9="Met","",IF(F9<Requirements!B5,Requirements!A5&" "&TEXT(Requirements!B5-F9,"0.##")&"; ","")&IF(G9<Requirements!B6,Requirements!A6&" "&TEXT(Requirements!B6-G9,"0.##")&"; ","")&IF(H9<Requirements!B7,Requirements!A7&" "&TEXT(Requirements!B7-H9,"0.##")&"; ","")&IF(I9<Requirements!B8,Requirements!A8&" "&TEXT(Requirements!B8-I9,"0.##")&"; ","")&IF(J9<Requirements!B9,Requirements!A9&" "&TEXT(Requirements!B9-J9,"0.##")&"; ","")&IF(K9<Requirements!B10,Requirements!A10&" "&TEXT(Requirements!B10-K9,"0.##")&"; ","")&IF(L9<Requirements!B11,Requirements!A11&" "&TEXT(Requirements!B11-L9,"0.##")&"; ","")&IF(M9<Requirements!B12,Requirements!A12&" "&TEXT(Requirements!B12-M9,"0.##")&"; ",""))) -> Airway 4; Cardiovascular 5; Trauma 1; Medical 6; Operations 1; PAHT 1; SVAT 1; CPR/AED 1;
A10: Akins, Brad | B10: 1055741 | C10: 46387 | D10: =IF(C10="","",DATE(YEAR(C10)-1,1,1)) -> 45658 | E10: =IF(C10="","",DATE(YEAR(C10),12,31)) -> 46387 | F10: =IF(OR(A10="",C10=""),"",SUMPRODUCT(('Training Detail'!$A$5:$A$5000=A10)*('Training Detail'!$M$5:$M$5000=Standards!A2)*('Training Detail'!$G$5:$G$5000>=D10)*('Training Detail'!$G$5:$G$5000<=E10)*('Training Detail'!$P$5:$P$5000))) -> 3 | G10: =IF(OR(A10="",C10=""),"",SUMPRODUCT(('Training Detail'!$A$5:$A$5000=A10)*('Training Detail'!$M$5:$M$5000=Standards!A3)*('Training Detail'!$G$5:$G$5000>=D10)*('Training Detail'!$G$5:$G$5000<=E10)*('Training Detail'!$P$5:$P$5000))) -> 2 | H10: =IF(OR(A10="",C10=""),"",SUMPRODUCT(('Training Detail'!$A$5:$A$5000=A10)*('Training Detail'!$M$5:$M$5000=Standards!A4)*('Training Detail'!$G$5:$G$5000>=D10)*('Training Detail'!$G$5:$G$5000<=E10)*('Training Detail'!$P$5:$P$5000))) -> 12 | I10: =IF(OR(A10="",C10=""),"",SUMPRODUCT(('Training Detail'!$A$5:$A$5000=A10)*('Training Detail'!$M$5:$M$5000=Standards!A5)*('Training Detail'!$G$5:$G$5000>=D10)*('Training Detail'!$G$5:$G$5000<=E10)*('Training Detail'!$P$5:$P$5000))) -> 3.5 | J10: =IF(OR(A10="",C10=""),"",SUMPRODUCT(('Training Detail'!$A$5:$A$5000=A10)*('Training Detail'!$M$5:$M$5000=Standards!A6)*('Training Detail'!$G$5:$G$5000>=D10)*('Training Detail'!$G$5:$G$5000<=E10)*('Training Detail'!$P$5:$P$5000))) -> 1 | K10: =IF(OR(A10="",C10=""),"",SUMPRODUCT(('Training Detail'!$A$5:$A$5000=A10)*('Training Detail'!$M$5:$M$5000=Standards!A7)*('Training Detail'!$G$5:$G$5000>=D10)*('Training Detail'!$G$5:$G$5000<=E10)*('Training Detail'!$P$5:$P$5000))) -> 1 | L10: =IF(OR(A10="",C10=""),"",SUMPRODUCT(('Training Detail'!$A$5:$A$5000=A10)*('Training Detail'!$M$5:$M$5000=Standards!A8)*('Training Detail'!$G$5:$G$5000>=D10)*('Training Detail'!$G$5:$G$5000<=E10)*('Training Detail'!$P$5:$P$5000))) -> 1 | M10: =IF(OR(A10="",C10=""),"",SUMPRODUCT(('Training Detail'!$A$5:$A$5000=A10)*('Training Detail'!$M$5:$M$5000=Standards!A9)*('Training Detail'!$G$5:$G$5000>=D10)*('Training Detail'!$G$5:$G$5000<=E10)*('Training Detail'!$P$5:$P$5000))) -> 0 | N10: =IF(A10="","",IF(C10="","Set exp date",IF(AND(F10>=Requirements!B5,G10>=Requirements!B6,H10>=Requirements!B7,I10>=Requirements!B8,J10>=Requirements!B9,K10>=Requirements!B10,L10>=Requirements!B11,M10>=Requirements!B12),"Met","Short"))) -> Short | O10: =IF(OR(A10="",C10=""),"",IF(N10="Met","",IF(F10<Requirements!B5,Requirements!A5&" "&TEXT(Requirements!B5-F10,"0.##")&"; ","")&IF(G10<Requirements!B6,Requirements!A6&" "&TEXT(Requirements!B6-G10,"0.##")&"; ","")&IF(H10<Requirements!B7,Requirements!A7&" "&TEXT(Requirements!B7-H10,"0.##")&"; ","")&IF(I10<Requirements!B8,Requirements!A8&" "&TEXT(Requirements!B8-I10,"0.##")&"; ","")&IF(J10<Requirements!B9,Requirements!A9&" "&TEXT(Requirements!B9-J10,"0.##")&"; ","")&IF(K10<Requirements!B10,Requirements!A10&" "&TEXT(Requirements!B10-K10,"0.##")&"; ","")&IF(L10<Requirements!B11,Requirements!A11&" "&TEXT(Requirements!B11-L10,"0.##")&"; ","")&IF(M10<Requirements!B12,Requirements!A12&" "&TEXT(Requirements!B12-M10,"0.##")&"; ",""))) -> Airway 1; Cardiovascular 3; Medical 2.5; Operations 1; CPR/AED 1;
A11: Alexander, Mike | B11: 1046585 | C11: 46752 | D11: =IF(C11="","",DATE(YEAR(C11)-1,1,1)) -> 46023 | E11: =IF(C11="","",DATE(YEAR(C11),12,31)) -> 46752 | F11: =IF(OR(A11="",C11=""),"",SUMPRODUCT(('Training Detail'!$A$5:$A$5000=A11)*('Training Detail'!$M$5:$M$5000=Standards!A2)*('Training Detail'!$G$5:$G$5000>=D11)*('Training Detail'!$G$5:$G$5000<=E11)*('Training Detail'!$P$5:$P$5000))) -> 0 | G11: =IF(OR(A11="",C11=""),"",SUMPRODUCT(('Training Detail'!$A$5:$A$5000=A11)*('Training Detail'!$M$5:$M$5000=Standards!A3)*('Training Detail'!$G$5:$G$5000>=D11)*('Training Detail'!$G$5:$G$5000<=E11)*('Training Detail'!$P$5:$P$5000))) -> 0 | H11: =IF(OR(A11="",C11=""),"",SUMPRODUCT(('Training Detail'!$A$5:$A$5000=A11)*('Training Detail'!$M$5:$M$5000=Standards!A4)*('Training Detail'!$G$5:$G$5000>=D11)*('Training Detail'!$G$5:$G$5000<=E11)*('Training Detail'!$P$5:$P$5000))) -> 0 | I11: =IF(OR(A11="",C11=""),"",SUMPRODUCT(('Training Detail'!$A$5:$A$5000=A11)*('Training Detail'!$M$5:$M$5000=Standards!A5)*('Training Detail'!$G$5:$G$5000>=D11)*('Training Detail'!$G$5:$G$5000<=E11)*('Training Detail'!$P$5:$P$5000))) -> 0 | J11: =IF(OR(A11="",C11=""),"",SUMPRODUCT(('Training Detail'!$A$5:$A$5000=A11)*('Training Detail'!$M$5:$M$5000=Standards!A6)*('Training Detail'!$G$5:$G$5000>=D11)*('Training Detail'!$G$5:$G$5000<=E11)*('Training Detail'!$P$5:$P$5000))) -> 0 | K11: =IF(OR(A11="",C11=""),"",SUMPRODUCT(('Training Detail'!$A$5:$A$5000=A11)*('Training Detail'!$M$5:$M$5000=Standards!A7)*('Training Detail'!$G$5:$G$5000>=D11)*('Training Detail'!$G$5:$G$5000<=E11)*('Training Detail'!$P$5:$P$5000))) -> 0 | L11: =IF(OR(A11="",C11=""),"",SUMPRODUCT(('Training Detail'!$A$5:$A$5000=A11)*('Training Detail'!$M$5:$M$5000=Standards!A8)*('Training Detail'!$G$5:$G$5000>=D11)*('Training Detail'!$G$5:$G$5000<=E11)*('Training Detail'!$P$5:$P$5000))) -> 0 | M11: =IF(OR(A11="",C11=""),"",SUMPRODUCT(('Training Detail'!$A$5:$A$5000=A11)*('Training Detail'!$M$5:$M$5000=Standards!A9)*('Training Detail'!$G$5:$G$5000>=D11)*('Training Detail'!$G$5:$G$5000<=E11)*('Training Detail'!$P$5:$P$5000))) -> 0 | N11: =IF(A11="","",IF(C11="","Set exp date",IF(AND(F11>=Requirements!B5,G11>=Requirements!B6,H11>=Requirements!B7,I11>=Requirements!B8,J11>=Requirements!B9,K11>=Requirements!B10,L11>=Requirements!B11,M11>=Requirements!B12),"Met","Short"))) -> Short | O11: =IF(OR(A11="",C11=""),"",IF(N11="Met","",IF(F11<Requirements!B5,Requirements!A5&" "&TEXT(Requirements!B5-F11,"0.##")&"; ","")&IF(G11<Requirements!B6,Requirements!A6&" "&TEXT(Requirements!B6-G11,"0.##")&"; ","")&IF(H11<Requirements!B7,Requirements!A7&" "&TEXT(Requirements!B7-H11,"0.##")&"; ","")&IF(I11<Requirements!B8,Requirements!A8&" "&TEXT(Requirements!B8-I11,"0.##")&"; ","")&IF(J11<Requirements!B9,Requirements!A9&" "&TEXT(Requirements!B9-J11,"0.##")&"; ","")&IF(K11<Requirements!B10,Requirements!A10&" "&TEXT(Requirements!B10-K11,"0.##")&"; ","")&IF(L11<Requirements!B11,Requirements!A11&" "&TEXT(Requirements!B11-L11,"0.##")&"; ","")&IF(M11<Requirements!B12,Requirements!A12&" "&TEXT(Requirements!B12-M11,"0.##")&"; ",""))) -> Airway 4; Cardiovascular 5; Trauma 3; Medical 6; Operations 2; PAHT 1; SVAT 1; CPR/AED 1;
A12: Anthony, Isaac | B12: 1050020 | C12: 46752 | D12: =IF(C12="","",DATE(YEAR(C12)-1,1,1)) -> 46023 | E12: =IF(C12="","",DATE(YEAR(C12),12,31)) -> 46752 | F12: =IF(OR(A12="",C12=""),"",SUMPRODUCT(('Training Detail'!$A$5:$A$5000=A12)*('Training Detail'!$M$5:$M$5000=Standards!A2)*('Training Detail'!$G$5:$G$5000>=D12)*('Training Detail'!$G$5:$G$5000<=E12)*('Training Detail'!$P$5:$P$5000))) -> 0 | G12: =IF(OR(A12="",C12=""),"",SUMPRODUCT(('Training Detail'!$A$5:$A$5000=A12)*('Training Detail'!$M$5:$M$5000=Standards!A3)*('Training Detail'!$G$5:$G$5000>=D12)*('Training Detail'!$G$5:$G$5000<=E12)*('Training Detail'!$P$5:$P$5000))) -> 0 | H12: =IF(OR(A12="",C12=""),"",SUMPRODUCT(('Training Detail'!$A$5:$A$5000=A12)*('Training Detail'!$M$5:$M$5000=Standards!A4)*('Training Detail'!$G$5:$G$5000>=D12)*('Training Detail'!$G$5:$G$5000<=E12)*('Training Detail'!$P$5:$P$5000))) -> 6.5 | I12: =IF(OR(A12="",C12=""),"",SUMPRODUCT(('Training Detail'!$A$5:$A$5000=A12)*('Training Detail'!$M$5:$M$5000=Standards!A5)*('Training Detail'!$G$5:$G$5000>=D12)*('Training Detail'!$G$5:$G$5000<=E12)*('Training Detail'!$P$5:$P$5000))) -> 1 | J12: =IF(OR(A12="",C12=""),"",SUMPRODUCT(('Training Detail'!$A$5:$A$5000=A12)*('Training Detail'!$M$5:$M$5000=Standards!A6)*('Training Detail'!$G$5:$G$5000>=D12)*('Training Detail'!$G$5:$G$5000<=E12)*('Training Detail'!$P$5:$P$5000))) -> 0 | K12: =IF(OR(A12="",C12=""),"",SUMPRODUCT(('Training Detail'!$A$5:$A$5000=A12)*('Training Detail'!$M$5:$M$5000=Standards!A7)*('Training Detail'!$G$5:$G$5000>=D12)*('Training Detail'!$G$5:$G$5000<=E12)*('Training Detail'!$P$5:$P$5000))) -> 0 | L12: =IF(OR(A12="",C12=""),"",SUMPRODUCT(('Training Detail'!$A$5:$A$5000=A12)*('Training Detail'!$M$5:$M$5000=Standards!A8)*('Training Detail'!$G$5:$G$5000>=D12)*('Training Detail'!$G$5:$G$5000<=E12)*('Training Detail'!$P$5:$P$5000))) -> 0 | M12: =IF(OR(A12="",C12=""),"",SUMPRODUCT(('Training Detail'!$A$5:$A$5000=A12)*('Training Detail'!$M$5:$M$5000=Standards!A9)*('Training Detail'!$G$5:$G$5000>=D12)*('Training Detail'!$G$5:$G$5000<=E12)*('Training Detail'!$P$5:$P$5000))) -> 0 | N12: =IF(A12="","",IF(C12="","Set exp date",IF(AND(F12>=Requirements!B5,G12>=Requirements!B6,H12>=Requirements!B7,I12>=Requirements!B8,J12>=Requirements!B9,K12>=Requirements!B10,L12>=Requirements!B11,M12>=Requirements!B12),"Met","Short"))) -> Short | O12: =IF(OR(A12="",C12=""),"",IF(N12="Met","",IF(F12<Requirements!B5,Requirements!A5&" "&TEXT(Requirements!B5-F12,"0.##")&"; ","")&IF(G12<Requirements!B6,Requirements!A6&" "&TEXT(Requirements!B6-G12,"0.##")&"; ","")&IF(H12<Requirements!B7,Requirements!A7&" "&TEXT(Requirements!B7-H12,"0.##")&"; ","")&IF(I12<Requirements!B8,Requirements!A8&" "&TEXT(Requirements!B8-I12,"0.##")&"; ","")&IF(J12<Requirements!B9,Requirements!A9&" "&TEXT(Requirements!B9-J12,"0.##")&"; ","")&IF(K12<Requirements!B10,Requirements!A10&" "&TEXT(Requirements!B10-K12,"0.##")&"; ","")&IF(L12<Requirements!B11,Requirements!A11&" "&TEXT(Requirements!B11-L12,"0.##")&"; ","")&IF(M12<Requirements!B12,Requirements!A12&" "&TEXT(Requirements!B12-M12,"0.##")&"; ",""))) -> Airway 4; Cardiovascular 5; Medical 5; Operations 2; PAHT 1; SVAT 1; CPR/AED 1;
A13: Anthony, Levi | B13: 1127964 | C13: 46752 | D13: =IF(C13="","",DATE(YEAR(C13)-1,1,1)) -> 46023 | E13: =IF(C13="","",DATE(YEAR(C13),12,31)) -> 46752 | F13: =IF(OR(A13="",C13=""),"",SUMPRODUCT(('Training Detail'!$A$5:$A$5000=A13)*('Training Detail'!$M$5:$M$5000=Standards!A2)*('Training Detail'!$G$5:$G$5000>=D13)*('Training Detail'!$G$5:$G$5000<=E13)*('Training Detail'!$P$5:$P$5000))) -> 1 | G13: =IF(OR(A13="",C13=""),"",SUMPRODUCT(('Training Detail'!$A$5:$A$5000=A13)*('Training Detail'!$M$5:$M$5000=Standards!A3)*('Training Detail'!$G$5:$G$5000>=D13)*('Training Detail'!$G$5:$G$5000<=E13)*('Training Detail'!$P$5:$P$5000))) -> 1 | H13: =IF(OR(A13="",C13=""),"",SUMPRODUCT(('Training Detail'!$A$5:$A$5000=A13)*('Training Detail'!$M$5:$M$5000=Standards!A4)*('Training Detail'!$G$5:$G$5000>=D13)*('Training Detail'!$G$5:$G$5000<=E13)*('Training Detail'!$P$5:$P$5000))) -> 4 | I13: =IF(OR(A13="",C13=""),"",SUMPRODUCT(('Training Detail'!$A$5:$A$5000=A13)*('Training Detail'!$M$5:$M$5000=Standards!A5)*('Training Detail'!$G$5:$G$5000>=D13)*('Training Detail'!$G$5:$G$5000<=E13)*('Training Detail'!$P$5:$P$5000))) -> 2 | J13: =IF(OR(A13="",C13=""),"",SUMPRODUCT(('Training Detail'!$A$5:$A$5000=A13)*('Training Detail'!$M$5:$M$5000=Standards!A6)*('Training Detail'!$G$5:$G$5000>=D13)*('Training Detail'!$G$5:$G$5000<=E13)*('Training Detail'!$P$5:$P$5000))) -> 2 | K13: =IF(OR(A13="",C13=""),"",SUMPRODUCT(('Training Detail'!$A$5:$A$5000=A13)*('Training Detail'!$M$5:$M$5000=Standards!A7)*('Training Detail'!$G$5:$G$5000>=D13)*('Training Detail'!$G$5:$G$5000<=E13)*('Training Detail'!$P$5:$P$5000))) -> 0 | L13: =IF(OR(A13="",C13=""),"",SUMPRODUCT(('Training Detail'!$A$5:$A$5000=A13)*('Training Detail'!$M$5:$M$5000=Standards!A8)*('Training Detail'!$G$5:$G$5000>=D13)*('Training Detail'!$G$5:$G$5000<=E13)*('Training Detail'!$P$5:$P$5000))) -> 0 | M13: =IF(OR(A13="",C13=""),"",SUMPRODUCT(('Training Detail'!$A$5:$A$5000=A13)*('Training Detail'!$M$5:$M$5000=Standards!A9)*('Training Detail'!$G$5:$G$5000>=D13)*('Training Detail'!$G$5:$G$5000<=E13)*('Training Detail'!$P$5:$P$5000))) -> 0 | N13: =IF(A13="","",IF(C13="","Set exp date",IF(AND(F13>=Requirements!B5,G13>=Requirements!B6,H13>=Requirements!B7,I13>=Requirements!B8,J13>=Requirements!B9,K13>=Requirements!B10,L13>=Requirements!B11,M13>=Requirements!B12),"Met","Short"))) -> Short | O13: =IF(OR(A13="",C13=""),"",IF(N13="Met","",IF(F13<Requirements!B5,Requirements!A5&" "&TEXT(Requirements!B5-F13,"0.##")&"; ","")&IF(G13<Requirements!B6,Requirements!A6&" "&TEXT(Requirements!B6-G13,"0.##")&"; ","")&IF(H13<Requirements!B7,Requirements!A7&" "&TEXT(Requirements!B7-H13,"0.##")&"; ","")&IF(I13<Requirements!B8,Requirements!A8&" "&TEXT(Requirements!B8-I13,"0.##")&"; ","")&IF(J13<Requirements!B9,Requirements!A9&" "&TEXT(Requirements!B9-J13,"0.##")&"; ","")&IF(K13<Requirements!B10,Requirements!A10&" "&TEXT(Requirements!B10-K13,"0.##")&"; ","")&IF(L13<Requirements!B11,Requirements!A11&" "&TEXT(Requirements!B11-L13,"0.##")&"; ","")&IF(M13<Requirements!B12,Requirements!A12&" "&TEXT(Requirements!B12-M13,"0.##")&"; ",""))) -> Airway 3; Cardiovascular 4; Medical 4; PAHT 1; SVAT 1; CPR/AED 1;
A14: Ashley, Daniel | B14: 1051669 | C14: 46387 | D14: =IF(C14="","",DATE(YEAR(C14)-1,1,1)) -> 45658 | E14: =IF(C14="","",DATE(YEAR(C14),12,31)) -> 46387 | F14: =IF(OR(A14="",C14=""),"",SUMPRODUCT(('Training Detail'!$A$5:$A$5000=A14)*('Training Detail'!$M$5:$M$5000=Standards!A2)*('Training Detail'!$G$5:$G$5000>=D14)*('Training Detail'!$G$5:$G$5000<=E14)*('Training Detail'!$P$5:$P$5000))) -> 0 | G14: =IF(OR(A14="",C14=""),"",SUMPRODUCT(('Training Detail'!$A$5:$A$5000=A14)*('Training Detail'!$M$5:$M$5000=Standards!A3)*('Training Detail'!$G$5:$G$5000>=D14)*('Training Detail'!$G$5:$G$5000<=E14)*('Training Detail'!$P$5:$P$5000))) -> 0 | H14: =IF(OR(A14="",C14=""),"",SUMPRODUCT(('Training Detail'!$A$5:$A$5000=A14)*('Training Detail'!$M$5:$M$5000=Standards!A4)*('Training Detail'!$G$5:$G$5000>=D14)*('Training Detail'!$G$5:$G$5000<=E14)*('Training Detail'!$P$5:$P$5000))) -> 16 | I14: =IF(OR(A14="",C14=""),"",SUMPRODUCT(('Training Detail'!$A$5:$A$5000=A14)*('Training Detail'!$M$5:$M$5000=Standards!A5)*('Training Detail'!$G$5:$G$5000>=D14)*('Training Detail'!$G$5:$G$5000<=E14)*('Training Detail'!$P$5:$P$5000))) -> 2 | J14: =IF(OR(A14="",C14=""),"",SUMPRODUCT(('Training Detail'!$A$5:$A$5000=A14)*('Training Detail'!$M$5:$M$5000=Standards!A6)*('Training Detail'!$G$5:$G$5000>=D14)*('Training Detail'!$G$5:$G$5000<=E14)*('Training Detail'!$P$5:$P$5000))) -> 3.5 | K14: =IF(OR(A14="",C14=""),"",SUMPRODUCT(('Training Detail'!$A$5:$A$5000=A14)*('Training Detail'!$M$5:$M$5000=Standards!A7)*('Training Detail'!$G$5:$G$5000>=D14)*('Training Detail'!$G$5:$G$5000<=E14)*('Training Detail'!$P$5:$P$5000))) -> 0 | L14: =IF(OR(A14="",C14=""),"",SUMPRODUCT(('Training Detail'!$A$5:$A$5000=A14)*('Training Detail'!$M$5:$M$5000=Standards!A8)*('Training Detail'!$G$5:$G$5000>=D14)*('Training Detail'!$G$5:$G$5000<=E14)*('Training Detail'!$P$5:$P$5000))) -> 0 | M14: =IF(OR(A14="",C14=""),"",SUMPRODUCT(('Training Detail'!$A$5:$A$5000=A14)*('Training Detail'!$M$5:$M$5000=Standards!A9)*('Training Detail'!$G$5:$G$5000>=D14)*('Training Detail'!$G$5:$G$5000<=E14)*('Training Detail'!$P$5:$P$5000))) -> 2 | N14: =IF(A14="","",IF(C14="","Set exp date",IF(AND(F14>=Requirements!B5,G14>=Requirements!B6,H14>=Requirements!B7,I14>=Requirements!B8,J14>=Requirements!B9,K14>=Requirements!B10,L14>=Requirements!B11,M14>=Requirements!B12),"Met","Short"))) -> Short | O14: =IF(OR(A14="",C14=""),"",IF(N14="Met","",IF(F14<Requirements!B5,Requirements!A5&" "&TEXT(Requirements!B5-F14,"0.##")&"; ","")&IF(G14<Requirements!B6,Requirements!A6&" "&TEXT(Requirements!B6-G14,"0.##")&"; ","")&IF(H14<Requirements!B7,Requirements!A7&" "&TEXT(Requirements!B7-H14,"0.##")&"; ","")&IF(I14<Requirements!B8,Requirements!A8&" "&TEXT(Requirements!B8-I14,"0.##")&"; ","")&IF(J14<Requirements!B9,Requirements!A9&" "&TEXT(Requirements!B9-J14,"0.##")&"; ","")&IF(K14<Requirements!B10,Requirements!A10&" "&TEXT(Requirements!B10-K14,"0.##")&"; ","")&IF(L14<Requirements!B11,Requirements!A11&" "&TEXT(Requirements!B11-L14,"0.##")&"; ","")&IF(M14<Requirements!B12,Requirements!A12&" "&TEXT(Requirements!B12-M14,"0.##")&"; ",""))) -> Airway 4; Cardiovascular 5; Medical 4; PAHT 1; SVAT 1;
A15: Atkins, Nick | B15: 1123453 | C15: 46752 | D15: =IF(C15="","",DATE(YEAR(C15)-1,1,1)) -> 46023 | E15: =IF(C15="","",DATE(YEAR(C15),12,31)) -> 46752 | F15: =IF(OR(A15="",C15=""),"",SUMPRODUCT(('Training Detail'!$A$5:$A$5000=A15)*('Training Detail'!$M$5:$M$5000=Standards!A2)*('Training Detail'!$G$5:$G$5000>=D15)*('Training Detail'!$G$5:$G$5000<=E15)*('Training Detail'!$P$5:$P$5000))) -> 0 | G15: =IF(OR(A15="",C15=""),"",SUMPRODUCT(('Training Detail'!$A$5:$A$5000=A15)*('Training Detail'!$M$5:$M$5000=Standards!A3)*('Training Detail'!$G$5:$G$5000>=D15)*('Training Detail'!$G$5:$G$5000<=E15)*('Training Detail'!$P$5:$P$5000))) -> 0 | H15: =IF(OR(A15="",C15=""),"",SUMPRODUCT(('Training Detail'!$A$5:$A$5000=A15)*('Training Detail'!$M$5:$M$5000=Standards!A4)*('Training Detail'!$G$5:$G$5000>=D15)*('Training Detail'!$G$5:$G$5000<=E15)*('Training Detail'!$P$5:$P$5000))) -> 26 | I15: =IF(OR(A15="",C15=""),"",SUMPRODUCT(('Training Detail'!$A$5:$A$5000=A15)*('Training Detail'!$M$5:$M$5000=Standards!A5)*('Training Detail'!$G$5:$G$5000>=D15)*('Training Detail'!$G$5:$G$5000<=E15)*('Training Detail'!$P$5:$P$5000))) -> 0.5 | J15: =IF(OR(A15="",C15=""),"",SUMPRODUCT(('Training Detail'!$A$5:$A$5000=A15)*('Training Detail'!$M$5:$M$5000=Standards!A6)*('Training Detail'!$G$5:$G$5000>=D15)*('Training Detail'!$G$5:$G$5000<=E15)*('Training Detail'!$P$5:$P$5000))) -> 14 | K15: =IF(OR(A15="",C15=""),"",SUMPRODUCT(('Training Detail'!$A$5:$A$5000=A15)*('Training Detail'!$M$5:$M$5000=Standards!A7)*('Training Detail'!$G$5:$G$5000>=D15)*('Training Detail'!$G$5:$G$5000<=E15)*('Training Detail'!$P$5:$P$5000))) -> 0 | L15: =IF(OR(A15="",C15=""),"",SUMPRODUCT(('Training Detail'!$A$5:$A$5000=A15)*('Training Detail'!$M$5:$M$5000=Standards!A8)*('Training Detail'!$G$5:$G$5000>=D15)*('Training Detail'!$G$5:$G$5000<=E15)*('Training Detail'!$P$5:$P$5000))) -> 0 | M15: =IF(OR(A15="",C15=""),"",SUMPRODUCT(('Training Detail'!$A$5:$A$5000=A15)*('Training Detail'!$M$5:$M$5000=Standards!A9)*('Training Detail'!$G$5:$G$5000>=D15)*('Training Detail'!$G$5:$G$5000<=E15)*('Training Detail'!$P$5:$P$5000))) -> 1 | N15: =IF(A15="","",IF(C15="","Set exp date",IF(AND(F15>=Requirements!B5,G15>=Requirements!B6,H15>=Requirements!B7,I15>=Requirements!B8,J15>=Requirements!B9,K15>=Requirements!B10,L15>=Requirements!B11,M15>=Requirements!B12),"Met","Short"))) -> Short | O15: =IF(OR(A15="",C15=""),"",IF(N15="Met","",IF(F15<Requirements!B5,Requirements!A5&" "&TEXT(Requirements!B5-F15,"0.##")&"; ","")&IF(G15<Requirements!B6,Requirements!A6&" "&TEXT(Requirements!B6-G15,"0.##")&"; ","")&IF(H15<Requirements!B7,Requirements!A7&" "&TEXT(Requirements!B7-H15,"0.##")&"; ","")&IF(I15<Requirements!B8,Requirements!A8&" "&TEXT(Requirements!B8-I15,"0.##")&"; ","")&IF(J15<Requirements!B9,Requirements!A9&" "&TEXT(Requirements!B9-J15,"0.##")&"; ","")&IF(K15<Requirements!B10,Requirements!A10&" "&TEXT(Requirements!B10-K15,"0.##")&"; ","")&IF(L15<Requirements!B11,Requirements!A11&" "&TEXT(Requirements!B11-L15,"0.##")&"; ","")&IF(M15<Requirements!B12,Requirements!A12&" "&TEXT(Requirements!B12-M15,"0.##")&"; ",""))) -> Airway 4; Cardiovascular 5; Medical 5.5; PAHT 1; SVAT 1;
A16: Atkins, Ronnie | D16: =IF(C16="","",DATE(YEAR(C16)-1,1,1)) | E16: =IF(C16="","",DATE(YEAR(C16),12,31)) | F16: =IF(OR(A16="",C16=""),"",SUMPRODUCT(('Training Detail'!$A$5:$A$5000=A16)*('Training Detail'!$M$5:$M$5000=Standards!A2)*('Training Detail'!$G$5:$G$5000>=D16)*('Training Detail'!$G$5:$G$5000<=E16)*('Training Detail'!$P$5:$P$5000))) | G16: =IF(OR(A16="",C16=""),"",SUMPRODUCT(('Training Detail'!$A$5:$A$5000=A16)*('Training Detail'!$M$5:$M$5000=Standards!A3)*('Training Detail'!$G$5:$G$5000>=D16)*('Training Detail'!$G$5:$G$5000<=E16)*('Training Detail'!$P$5:$P$5000))) | H16: =IF(OR(A16="",C16=""),"",SUMPRODUCT(('Training Detail'!$A$5:$A$5000=A16)*('Training Detail'!$M$5:$M$5000=Standards!A4)*('Training Detail'!$G$5:$G$5000>=D16)*('Training Detail'!$G$5:$G$5000<=E16)*('Training Detail'!$P$5:$P$5000))) | I16: =IF(OR(A16="",C16=""),"",SUMPRODUCT(('Training Detail'!$A$5:$A$5000=A16)*('Training Detail'!$M$5:$M$5000=Standards!A5)*('Training Detail'!$G$5:$G$5000>=D16)*('Training Detail'!$G$5:$G$5000<=E16)*('Training Detail'!$P$5:$P$5000))) | J16: =IF(OR(A16="",C16=""),"",SUMPRODUCT(('Training Detail'!$A$5:$A$5000=A16)*('Training Detail'!$M$5:$M$5000=Standards!A6)*('Training Detail'!$G$5:$G$5000>=D16)*('Training Detail'!$G$5:$G$5000<=E16)*('Training Detail'!$P$5:$P$5000))) | K16: =IF(OR(A16="",C16=""),"",SUMPRODUCT(('Training Detail'!$A$5:$A$5000=A16)*('Training Detail'!$M$5:$M$5000=Standards!A7)*('Training Detail'!$G$5:$G$5000>=D16)*('Training Detail'!$G$5:$G$5000<=E16)*('Training Detail'!$P$5:$P$5000))) | L16: =IF(OR(A16="",C16=""),"",SUMPRODUCT(('Training Detail'!$A$5:$A$5000=A16)*('Training Detail'!$M$5:$M$5000=Standards!A8)*('Training Detail'!$G$5:$G$5000>=D16)*('Training Detail'!$G$5:$G$5000<=E16)*('Training Detail'!$P$5:$P$5000))) | M16: =IF(OR(A16="",C16=""),"",SUMPRODUCT(('Training Detail'!$A$5:$A$5000=A16)*('Training Detail'!$M$5:$M$5000=Standards!A9)*('Training Detail'!$G$5:$G$5000>=D16)*('Training Detail'!$G$5:$G$5000<=E16)*('Training Detail'!$P$5:$P$5000))) | N16: =IF(A16="","",IF(C16="","Set exp date",IF(AND(F16>=Requirements!B5,G16>=Requirements!B6,H16>=Requirements!B7,I16>=Requirements!B8,J16>=Requirements!B9,K16>=Requirements!B10,L16>=Requirements!B11,M16>=Requirements!B12),"Met","Short"))) -> Set exp date | O16: =IF(OR(A16="",C16=""),"",IF(N16="Met","",IF(F16<Requirements!B5,Requirements!A5&" "&TEXT(Requirements!B5-F16,"0.##")&"; ","")&IF(G16<Requirements!B6,Requirements!A6&" "&TEXT(Requirements!B6-G16,"0.##")&"; ","")&IF(H16<Requirements!B7,Requirements!A7&" "&TEXT(Requirements!B7-H16,"0.##")&"; ","")&IF(I16<Requirements!B8,Requirements!A8&" "&TEXT(Requirements!B8-I16,"0.##")&"; ","")&IF(J16<Requirements!B9,Requirements!A9&" "&TEXT(Requirements!B9-J16,"0.##")&"; ","")&IF(K16<Requirements!B10,Requirements!A10&" "&TEXT(Requirements!B10-K16,"0.##")&"; ","")&IF(L16<Requirements!B11,Requirements!A11&" "&TEXT(Requirements!B11-L16,"0.##")&"; ","")&IF(M16<Requirements!B12,Requirements!A12&" "&TEXT(Requirements!B12-M16,"0.##")&"; ","")))
A17: Ballance, John | D17: =IF(C17="","",DATE(YEAR(C17)-1,1,1)) | E17: =IF(C17="","",DATE(YEAR(C17),12,31)) | F17: =IF(OR(A17="",C17=""),"",SUMPRODUCT(('Training Detail'!$A$5:$A$5000=A17)*('Training Detail'!$M$5:$M$5000=Standards!A2)*('Training Detail'!$G$5:$G$5000>=D17)*('Training Detail'!$G$5:$G$5000<=E17)*('Training Detail'!$P$5:$P$5000))) | G17: =IF(OR(A17="",C17=""),"",SUMPRODUCT(('Training Detail'!$A$5:$A$5000=A17)*('Training Detail'!$M$5:$M$5000=Standards!A3)*('Training Detail'!$G$5:$G$5000>=D17)*('Training Detail'!$G$5:$G$5000<=E17)*('Training Detail'!$P$5:$P$5000))) | H17: =IF(OR(A17="",C17=""),"",SUMPRODUCT(('Training Detail'!$A$5:$A$5000=A17)*('Training Detail'!$M$5:$M$5000=Standards!A4)*('Training Detail'!$G$5:$G$5000>=D17)*('Training Detail'!$G$5:$G$5000<=E17)*('Training Detail'!$P$5:$P$5000))) | I17: =IF(OR(A17="",C17=""),"",SUMPRODUCT(('Training Detail'!$A$5:$A$5000=A17)*('Training Detail'!$M$5:$M$5000=Standards!A5)*('Training Detail'!$G$5:$G$5000>=D17)*('Training Detail'!$G$5:$G$5000<=E17)*('Training Detail'!$P$5:$P$5000))) | J17: =IF(OR(A17="",C17=""),"",SUMPRODUCT(('Training Detail'!$A$5:$A$5000=A17)*('Training Detail'!$M$5:$M$5000=Standards!A6)*('Training Detail'!$G$5:$G$5000>=D17)*('Training Detail'!$G$5:$G$5000<=E17)*('Training Detail'!$P$5:$P$5000))) | K17: =IF(OR(A17="",C17=""),"",SUMPRODUCT(('Training Detail'!$A$5:$A$5000=A17)*('Training Detail'!$M$5:$M$5000=Standards!A7)*('Training Detail'!$G$5:$G$5000>=D17)*('Training Detail'!$G$5:$G$5000<=E17)*('Training Detail'!$P$5:$P$5000))) | L17: =IF(OR(A17="",C17=""),"",SUMPRODUCT(('Training Detail'!$A$5:$A$5000=A17)*('Training Detail'!$M$5:$M$5000=Standards!A8)*('Training Detail'!$G$5:$G$5000>=D17)*('Training Detail'!$G$5:$G$5000<=E17)*('Training Detail'!$P$5:$P$5000))) | M17: =IF(OR(A17="",C17=""),"",SUMPRODUCT(('Training Detail'!$A$5:$A$5000=A17)*('Training Detail'!$M$5:$M$5000=Standards!A9)*('Training Detail'!$G$5:$G$5000>=D17)*('Training Detail'!$G$5:$G$5000<=E17)*('Training Detail'!$P$5:$P$5000))) | N17: =IF(A17="","",IF(C17="","Set exp date",IF(AND(F17>=Requirements!B5,G17>=Requirements!B6,H17>=Requirements!B7,I17>=Requirements!B8,J17>=Requirements!B9,K17>=Requirements!B10,L17>=Requirements!B11,M17>=Requirements!B12),"Met","Short"))) -> Set exp date | O17: =IF(OR(A17="",C17=""),"",IF(N17="Met","",IF(F17<Requirements!B5,Requirements!A5&" "&TEXT(Requirements!B5-F17,"0.##")&"; ","")&IF(G17<Requirements!B6,Requirements!A6&" "&TEXT(Requirements!B6-G17,"0.##")&"; ","")&IF(H17<Requirements!B7,Requirements!A7&" "&TEXT(Requirements!B7-H17,"0.##")&"; ","")&IF(I17<Requirements!B8,Requirements!A8&" "&TEXT(Requirements!B8-I17,"0.##")&"; ","")&IF(J17<Requirements!B9,Requirements!A9&" "&TEXT(Requirements!B9-J17,"0.##")&"; ","")&IF(K17<Requirements!B10,Requirements!A10&" "&TEXT(Requirements!B10-K17,"0.##")&"; ","")&IF(L17<Requirements!B11,Requirements!A11&" "&TEXT(Requirements!B11-L17,"0.##")&"; ","")&IF(M17<Requirements!B12,Requirements!A12&" "&TEXT(Requirements!B12-M17,"0.##")&"; ","")))
A18: Barnhart, Zach | B18: 1121401 | C18: 46752 | D18: =IF(C18="","",DATE(YEAR(C18)-1,1,1)) -> 46023 | E18: =IF(C18="","",DATE(YEAR(C18),12,31)) -> 46752 | F18: =IF(OR(A18="",C18=""),"",SUMPRODUCT(('Training Detail'!$A$5:$A$5000=A18)*('Training Detail'!$M$5:$M$5000=Standards!A2)*('Training Detail'!$G$5:$G$5000>=D18)*('Training Detail'!$G$5:$G$5000<=E18)*('Training Detail'!$P$5:$P$5000))) -> 0 | G18: =IF(OR(A18="",C18=""),"",SUMPRODUCT(('Training Detail'!$A$5:$A$5000=A18)*('Training Detail'!$M$5:$M$5000=Standards!A3)*('Training Detail'!$G$5:$G$5000>=D18)*('Training Detail'!$G$5:$G$5000<=E18)*('Training Detail'!$P$5:$P$5000))) -> 0 | H18: =IF(OR(A18="",C18=""),"",SUMPRODUCT(('Training Detail'!$A$5:$A$5000=A18)*('Training Detail'!$M$5:$M$5000=Standards!A4)*('Training Detail'!$G$5:$G$5000>=D18)*('Training Detail'!$G$5:$G$5000<=E18)*('Training Detail'!$P$5:$P$5000))) -> 4 | I18: =IF(OR(A18="",C18=""),"",SUMPRODUCT(('Training Detail'!$A$5:$A$5000=A18)*('Training Detail'!$M$5:$M$5000=Standards!A5)*('Training Detail'!$G$5:$G$5000>=D18)*('Training Detail'!$G$5:$G$5000<=E18)*('Training Detail'!$P$5:$P$5000))) -> 0 | J18: =IF(OR(A18="",C18=""),"",SUMPRODUCT(('Training Detail'!$A$5:$A$5000=A18)*('Training Detail'!$M$5:$M$5000=Standards!A6)*('Training Detail'!$G$5:$G$5000>=D18)*('Training Detail'!$G$5:$G$5000<=E18)*('Training Detail'!$P$5:$P$5000))) -> 1 | K18: =IF(OR(A18="",C18=""),"",SUMPRODUCT(('Training Detail'!$A$5:$A$5000=A18)*('Training Detail'!$M$5:$M$5000=Standards!A7)*('Training Detail'!$G$5:$G$5000>=D18)*('Training Detail'!$G$5:$G$5000<=E18)*('Training Detail'!$P$5:$P$5000))) -> 0 | L18: =IF(OR(A18="",C18=""),"",SUMPRODUCT(('Training Detail'!$A$5:$A$5000=A18)*('Training Detail'!$M$5:$M$5000=Standards!A8)*('Training Detail'!$G$5:$G$5000>=D18)*('Training Detail'!$G$5:$G$5000<=E18)*('Training Detail'!$P$5:$P$5000))) -> 0 | M18: =IF(OR(A18="",C18=""),"",SUMPRODUCT(('Training Detail'!$A$5:$A$5000=A18)*('Training Detail'!$M$5:$M$5000=Standards!A9)*('Training Detail'!$G$5:$G$5000>=D18)*('Training Detail'!$G$5:$G$5000<=E18)*('Training Detail'!$P$5:$P$5000))) -> 0 | N18: =IF(A18="","",IF(C18="","Set exp date",IF(AND(F18>=Requirements!B5,G18>=Requirements!B6,H18>=Requirements!B7,I18>=Requirements!B8,J18>=Requirements!B9,K18>=Requirements!B10,L18>=Requirements!B11,M18>=Requirements!B12),"Met","Short"))) -> Short | O18: =IF(OR(A18="",C18=""),"",IF(N18="Met","",IF(F18<Requirements!B5,Requirements!A5&" "&TEXT(Requirements!B5-F18,"0.##")&"; ","")&IF(G18<Requirements!B6,Requirements!A6&" "&TEXT(Requirements!B6-G18,"0.##")&"; ","")&IF(H18<Requirements!B7,Requirements!A7&" "&TEXT(Requirements!B7-H18,"0.##")&"; ","")&IF(I18<Requirements!B8,Requirements!A8&" "&TEXT(Requirements!B8-I18,"0.##")&"; ","")&IF(J18<Requirements!B9,Requirements!A9&" "&TEXT(Requirements!B9-J18,"0.##")&"; ","")&IF(K18<Requirements!B10,Requirements!A10&" "&TEXT(Requirements!B10-K18,"0.##")&"; ","")&IF(L18<Requirements!B11,Requirements!A11&" "&TEXT(Requirements!B11-L18,"0.##")&"; ","")&IF(M18<Requirements!B12,Requirements!A12&" "&TEXT(Requirements!B12-M18,"0.##")&"; ",""))) -> Airway 4; Cardiovascular 5; Medical 6; Operations 1; PAHT 1; SVAT 1; CPR/AED 1;
A19: Barrick, Ayden | B19: 1128971 | C19: 46387 | D19: =IF(C19="","",DATE(YEAR(C19)-1,1,1)) -> 45658 | E19: =IF(C19="","",DATE(YEAR(C19),12,31)) -> 46387 | F19: =IF(OR(A19="",C19=""),"",SUMPRODUCT(('Training Detail'!$A$5:$A$5000=A19)*('Training Detail'!$M$5:$M$5000=Standards!A2)*('Training Detail'!$G$5:$G$5000>=D19)*('Training Detail'!$G$5:$G$5000<=E19)*('Training Detail'!$P$5:$P$5000))) -> 1 | G19: =IF(OR(A19="",C19=""),"",SUMPRODUCT(('Training Detail'!$A$5:$A$5000=A19)*('Training Detail'!$M$5:$M$5000=Standards!A3)*('Training Detail'!$G$5:$G$5000>=D19)*('Training Detail'!$G$5:$G$5000<=E19)*('Training Detail'!$P$5:$P$5000))) -> 3.5 | H19: =IF(OR(A19="",C19=""),"",SUMPRODUCT(('Training Detail'!$A$5:$A$5000=A19)*('Training Detail'!$M$5:$M$5000=Standards!A4)*('Training Detail'!$G$5:$G$5000>=D19)*('Training Detail'!$G$5:$G$5000<=E19)*('Training Detail'!$P$5:$P$5000))) -> 4.5 | I19: =IF(OR(A19="",C19=""),"",SUMPRODUCT(('Training Detail'!$A$5:$A$5000=A19)*('Training Detail'!$M$5:$M$5000=Standards!A5)*('Training Detail'!$G$5:$G$5000>=D19)*('Training Detail'!$G$5:$G$5000<=E19)*('Training Detail'!$P$5:$P$5000))) -> 10.5 | J19: =IF(OR(A19="",C19=""),"",SUMPRODUCT(('Training Detail'!$A$5:$A$5000=A19)*('Training Detail'!$M$5:$M$5000=Standards!A6)*('Training Detail'!$G$5:$G$5000>=D19)*('Training Detail'!$G$5:$G$5000<=E19)*('Training Detail'!$P$5:$P$5000))) -> 2 | K19: =IF(OR(A19="",C19=""),"",SUMPRODUCT(('Training Detail'!$A$5:$A$5000=A19)*('Training Detail'!$M$5:$M$5000=Standards!A7)*('Training Detail'!$G$5:$G$5000>=D19)*('Training Detail'!$G$5:$G$5000<=E19)*('Training Detail'!$P$5:$P$5000))) -> 0 | L19: =IF(OR(A19="",C19=""),"",SUMPRODUCT(('Training Detail'!$A$5:$A$5000=A19)*('Training Detail'!$M$5:$M$5000=Standards!A8)*('Training Detail'!$G$5:$G$5000>=D19)*('Training Detail'!$G$5:$G$5000<=E19)*('Training Detail'!$P$5:$P$5000))) -> 0 | M19: =IF(OR(A19="",C19=""),"",SUMPRODUCT(('Training Detail'!$A$5:$A$5000=A19)*('Training Detail'!$M$5:$M$5000=Standards!A9)*('Training Detail'!$G$5:$G$5000>=D19)*('Training Detail'!$G$5:$G$5000<=E19)*('Training Detail'!$P$5:$P$5000))) -> 0.5 | N19: =IF(A19="","",IF(C19="","Set exp date",IF(AND(F19>=Requirements!B5,G19>=Requirements!B6,H19>=Requirements!B7,I19>=Requirements!B8,J19>=Requirements!B9,K19>=Requirements!B10,L19>=Requirements!B11,M19>=Requirements!B12),"Met","Short"))) -> Short | O19: =IF(OR(A19="",C19=""),"",IF(N19="Met","",IF(F19<Requirements!B5,Requirements!A5&" "&TEXT(Requirements!B5-F19,"0.##")&"; ","")&IF(G19<Requirements!B6,Requirements!A6&" "&TEXT(Requirements!B6-G19,"0.##")&"; ","")&IF(H19<Requirements!B7,Requirements!A7&" "&TEXT(Requirements!B7-H19,"0.##")&"; ","")&IF(I19<Requirements!B8,Requirements!A8&" "&TEXT(Requirements!B8-I19,"0.##")&"; ","")&IF(J19<Requirements!B9,Requirements!A9&" "&TEXT(Requirements!B9-J19,"0.##")&"; ","")&IF(K19<Requirements!B10,Requirements!A10&" "&TEXT(Requirements!B10-K19,"0.##")&"; ","")&IF(L19<Requirements!B11,Requirements!A11&" "&TEXT(Requirements!B11-L19,"0.##")&"; ","")&IF(M19<Requirements!B12,Requirements!A12&" "&TEXT(Requirements!B12-M19,"0.##")&"; ",""))) -> Airway 3; Cardiovascular 1.5; PAHT 1; SVAT 1; CPR/AED 0.5;
A20: Bates, Christopher | B20: 1117055 | C20: 46387 | D20: =IF(C20="","",DATE(YEAR(C20)-1,1,1)) -> 45658 | E20: =IF(C20="","",DATE(YEAR(C20),12,31)) -> 46387 | F20: =IF(OR(A20="",C20=""),"",SUMPRODUCT(('Training Detail'!$A$5:$A$5000=A20)*('Training Detail'!$M$5:$M$5000=Standards!A2)*('Training Detail'!$G$5:$G$5000>=D20)*('Training Detail'!$G$5:$G$5000<=E20)*('Training Detail'!$P$5:$P$5000))) -> 4 | G20: =IF(OR(A20="",C20=""),"",SUMPRODUCT(('Training Detail'!$A$5:$A$5000=A20)*('Training Detail'!$M$5:$M$5000=Standards!A3)*('Training Detail'!$G$5:$G$5000>=D20)*('Training Detail'!$G$5:$G$5000<=E20)*('Training Detail'!$P$5:$P$5000))) -> 5 | H20: =IF(OR(A20="",C20=""),"",SUMPRODUCT(('Training Detail'!$A$5:$A$5000=A20)*('Training Detail'!$M$5:$M$5000=Standards!A4)*('Training Detail'!$G$5:$G$5000>=D20)*('Training Detail'!$G$5:$G$5000<=E20)*('Training Detail'!$P$5:$P$5000))) -> 39.5 | I20: =IF(OR(A20="",C20=""),"",SUMPRODUCT(('Training Detail'!$A$5:$A$5000=A20)*('Training Detail'!$M$5:$M$5000=Standards!A5)*('Training Detail'!$G$5:$G$5000>=D20)*('Training Detail'!$G$5:$G$5000<=E20)*('Training Detail'!$P$5:$P$5000))) -> 7 | J20: =IF(OR(A20="",C20=""),"",SUMPRODUCT(('Training Detail'!$A$5:$A$5000=A20)*('Training Detail'!$M$5:$M$5000=Standards!A6)*('Training Detail'!$G$5:$G$5000>=D20)*('Training Detail'!$G$5:$G$5000<=E20)*('Training Detail'!$P$5:$P$5000))) -> 19 | K20: =IF(OR(A20="",C20=""),"",SUMPRODUCT(('Training Detail'!$A$5:$A$5000=A20)*('Training Detail'!$M$5:$M$5000=Standards!A7)*('Training Detail'!$G$5:$G$5000>=D20)*('Training Detail'!$G$5:$G$5000<=E20)*('Training Detail'!$P$5:$P$5000))) -> 1 | L20: =IF(OR(A20="",C20=""),"",SUMPRODUCT(('Training Detail'!$A$5:$A$5000=A20)*('Training Detail'!$M$5:$M$5000=Standards!A8)*('Training Detail'!$G$5:$G$5000>=D20)*('Training Detail'!$G$5:$G$5000<=E20)*('Training Detail'!$P$5:$P$5000))) -> 1 | M20: =IF(OR(A20="",C20=""),"",SUMPRODUCT(('Training Detail'!$A$5:$A$5000=A20)*('Training Detail'!$M$5:$M$5000=Standards!A9)*('Training Detail'!$G$5:$G$5000>=D20)*('Training Detail'!$G$5:$G$5000<=E20)*('Training Detail'!$P$5:$P$5000))) -> 0.5 | N20: =IF(A20="","",IF(C20="","Set exp date",IF(AND(F20>=Requirements!B5,G20>=Requirements!B6,H20>=Requirements!B7,I20>=Requirements!B8,J20>=Requirements!B9,K20>=Requirements!B10,L20>=Requirements!B11,M20>=Requirements!B12),"Met","Short"))) -> Short | O20: =IF(OR(A20="",C20=""),"",IF(N20="Met","",IF(F20<Requirements!B5,Requirements!A5&" "&TEXT(Requirements!B5-F20,"0.##")&"; ","")&IF(G20<Requirements!B6,Requirements!A6&" "&TEXT(Requirements!B6-G20,"0.##")&"; ","")&IF(H20<Requirements!B7,Requirements!A7&" "&TEXT(Requirements!B7-H20,"0.##")&"; ","")&IF(I20<Requirements!B8,Requirements!A8&" "&TEXT(Requirements!B8-I20,"0.##")&"; ","")&IF(J20<Requirements!B9,Requirements!A9&" "&TEXT(Requirements!B9-J20,"0.##")&"; ","")&IF(K20<Requirements!B10,Requirements!A10&" "&TEXT(Requirements!B10-K20,"0.##")&"; ","")&IF(L20<Requirements!B11,Requirements!A11&" "&TEXT(Requirements!B11-L20,"0.##")&"; ","")&IF(M20<Requirements!B12,Requirements!A12&" "&TEXT(Requirements!B12-M20,"0.##")&"; ",""))) -> CPR/AED 0.5;
A21: Bean, Michael | B21: 1048888 | C21: 46387 | D21: =IF(C21="","",DATE(YEAR(C21)-1,1,1)) -> 45658 | E21: =IF(C21="","",DATE(YEAR(C21),12,31)) -> 46387 | F21: =IF(OR(A21="",C21=""),"",SUMPRODUCT(('Training Detail'!$A$5:$A$5000=A21)*('Training Detail'!$M$5:$M$5000=Standards!A2)*('Training Detail'!$G$5:$G$5000>=D21)*('Training Detail'!$G$5:$G$5000<=E21)*('Training Detail'!$P$5:$P$5000))) -> 3 | G21: =IF(OR(A21="",C21=""),"",SUMPRODUCT(('Training Detail'!$A$5:$A$5000=A21)*('Training Detail'!$M$5:$M$5000=Standards!A3)*('Training Detail'!$G$5:$G$5000>=D21)*('Training Detail'!$G$5:$G$5000<=E21)*('Training Detail'!$P$5:$P$5000))) -> 3.5 | H21: =IF(OR(A21="",C21=""),"",SUMPRODUCT(('Training Detail'!$A$5:$A$5000=A21)*('Training Detail'!$M$5:$M$5000=Standards!A4)*('Training Detail'!$G$5:$G$5000>=D21)*('Training Detail'!$G$5:$G$5000<=E21)*('Training Detail'!$P$5:$P$5000))) -> 22 | I21: =IF(OR(A21="",C21=""),"",SUMPRODUCT(('Training Detail'!$A$5:$A$5000=A21)*('Training Detail'!$M$5:$M$5000=Standards!A5)*('Training Detail'!$G$5:$G$5000>=D21)*('Training Detail'!$G$5:$G$5000<=E21)*('Training Detail'!$P$5:$P$5000))) -> 11 | J21: =IF(OR(A21="",C21=""),"",SUMPRODUCT(('Training Detail'!$A$5:$A$5000=A21)*('Training Detail'!$M$5:$M$5000=Standards!A6)*('Training Detail'!$G$5:$G$5000>=D21)*('Training Detail'!$G$5:$G$5000<=E21)*('Training Detail'!$P$5:$P$5000))) -> 5 | K21: =IF(OR(A21="",C21=""),"",SUMPRODUCT(('Training Detail'!$A$5:$A$5000=A21)*('Training Detail'!$M$5:$M$5000=Standards!A7)*('Training Detail'!$G$5:$G$5000>=D21)*('Training Detail'!$G$5:$G$5000<=E21)*('Training Detail'!$P$5:$P$5000))) -> 1 | L21: =IF(OR(A21="",C21=""),"",SUMPRODUCT(('Training Detail'!$A$5:$A$5000=A21)*('Training Detail'!$M$5:$M$5000=Standards!A8)*('Training Detail'!$G$5:$G$5000>=D21)*('Training Detail'!$G$5:$G$5000<=E21)*('Training Detail'!$P$5:$P$5000))) -> 0 | M21: =IF(OR(A21="",C21=""),"",SUMPRODUCT(('Training Detail'!$A$5:$A$5000=A21)*('Training Detail'!$M$5:$M$5000=Standards!A9)*('Training Detail'!$G$5:$G$5000>=D21)*('Training Detail'!$G$5:$G$5000<=E21)*('Training Detail'!$P$5:$P$5000))) -> 0 | N21: =IF(A21="","",IF(C21="","Set exp date",IF(AND(F21>=Requirements!B5,G21>=Requirements!B6,H21>=Requirements!B7,I21>=Requirements!B8,J21>=Requirements!B9,K21>=Requirements!B10,L21>=Requirements!B11,M21>=Requirements!B12),"Met","Short"))) -> Short | O21: =IF(OR(A21="",C21=""),"",IF(N21="Met","",IF(F21<Requirements!B5,Requirements!A5&" "&TEXT(Requirements!B5-F21,"0.##")&"; ","")&IF(G21<Requirements!B6,Requirements!A6&" "&TEXT(Requirements!B6-G21,"0.##")&"; ","")&IF(H21<Requirements!B7,Requirements!A7&" "&TEXT(Requirements!B7-H21,"0.##")&"; ","")&IF(I21<Requirements!B8,Requirements!A8&" "&TEXT(Requirements!B8-I21,"0.##")&"; ","")&IF(J21<Requirements!B9,Requirements!A9&" "&TEXT(Requirements!B9-J21,"0.##")&"; ","")&IF(K21<Requirements!B10,Requirements!A10&" "&TEXT(Requirements!B10-K21,"0.##")&"; ","")&IF(L21<Requirements!B11,Requirements!A11&" "&TEXT(Requirements!B11-L21,"0.##")&"; ","")&IF(M21<Requirements!B12,Requirements!A12&" "&TEXT(Requirements!B12-M21,"0.##")&"; ",""))) -> Airway 1; Cardiovascular 1.5; SVAT 1; CPR/AED 1;
A22: Blair, Dustin | D22: =IF(C22="","",DATE(YEAR(C22)-1,1,1)) | E22: =IF(C22="","",DATE(YEAR(C22),12,31)) | F22: =IF(OR(A22="",C22=""),"",SUMPRODUCT(('Training Detail'!$A$5:$A$5000=A22)*('Training Detail'!$M$5:$M$5000=Standards!A2)*('Training Detail'!$G$5:$G$5000>=D22)*('Training Detail'!$G$5:$G$5000<=E22)*('Training Detail'!$P$5:$P$5000))) | G22: =IF(OR(A22="",C22=""),"",SUMPRODUCT(('Training Detail'!$A$5:$A$5000=A22)*('Training Detail'!$M$5:$M$5000=Standards!A3)*('Training Detail'!$G$5:$G$5000>=D22)*('Training Detail'!$G$5:$G$5000<=E22)*('Training Detail'!$P$5:$P$5000))) | H22: =IF(OR(A22="",C22=""),"",SUMPRODUCT(('Training Detail'!$A$5:$A$5000=A22)*('Training Detail'!$M$5:$M$5000=Standards!A4)*('Training Detail'!$G$5:$G$5000>=D22)*('Training Detail'!$G$5:$G$5000<=E22)*('Training Detail'!$P$5:$P$5000))) | I22: =IF(OR(A22="",C22=""),"",SUMPRODUCT(('Training Detail'!$A$5:$A$5000=A22)*('Training Detail'!$M$5:$M$5000=Standards!A5)*('Training Detail'!$G$5:$G$5000>=D22)*('Training Detail'!$G$5:$G$5000<=E22)*('Training Detail'!$P$5:$P$5000))) | J22: =IF(OR(A22="",C22=""),"",SUMPRODUCT(('Training Detail'!$A$5:$A$5000=A22)*('Training Detail'!$M$5:$M$5000=Standards!A6)*('Training Detail'!$G$5:$G$5000>=D22)*('Training Detail'!$G$5:$G$5000<=E22)*('Training Detail'!$P$5:$P$5000))) | K22: =IF(OR(A22="",C22=""),"",SUMPRODUCT(('Training Detail'!$A$5:$A$5000=A22)*('Training Detail'!$M$5:$M$5000=Standards!A7)*('Training Detail'!$G$5:$G$5000>=D22)*('Training Detail'!$G$5:$G$5000<=E22)*('Training Detail'!$P$5:$P$5000))) | L22: =IF(OR(A22="",C22=""),"",SUMPRODUCT(('Training Detail'!$A$5:$A$5000=A22)*('Training Detail'!$M$5:$M$5000=Standards!A8)*('Training Detail'!$G$5:$G$5000>=D22)*('Training Detail'!$G$5:$G$5000<=E22)*('Training Detail'!$P$5:$P$5000))) | M22: =IF(OR(A22="",C22=""),"",SUMPRODUCT(('Training Detail'!$A$5:$A$5000=A22)*('Training Detail'!$M$5:$M$5000=Standards!A9)*('Training Detail'!$G$5:$G$5000>=D22)*('Training Detail'!$G$5:$G$5000<=E22)*('Training Detail'!$P$5:$P$5000))) | N22: =IF(A22="","",IF(C22="","Set exp date",IF(AND(F22>=Requirements!B5,G22>=Requirements!B6,H22>=Requirements!B7,I22>=Requirements!B8,J22>=Requirements!B9,K22>=Requirements!B10,L22>=Requirements!B11,M22>=Requirements!B12),"Met","Short"))) -> Set exp date | O22: =IF(OR(A22="",C22=""),"",IF(N22="Met","",IF(F22<Requirements!B5,Requirements!A5&" "&TEXT(Requirements!B5-F22,"0.##")&"; ","")&IF(G22<Requirements!B6,Requirements!A6&" "&TEXT(Requirements!B6-G22,"0.##")&"; ","")&IF(H22<Requirements!B7,Requirements!A7&" "&TEXT(Requirements!B7-H22,"0.##")&"; ","")&IF(I22<Requirements!B8,Requirements!A8&" "&TEXT(Requirements!B8-I22,"0.##")&"; ","")&IF(J22<Requirements!B9,Requirements!A9&" "&TEXT(Requirements!B9-J22,"0.##")&"; ","")&IF(K22<Requirements!B10,Requirements!A10&" "&TEXT(Requirements!B10-K22,"0.##")&"; ","")&IF(L22<Requirements!B11,Requirements!A11&" "&TEXT(Requirements!B11-L22,"0.##")&"; ","")&IF(M22<Requirements!B12,Requirements!A12&" "&TEXT(Requirements!B12-M22,"0.##")&"; ","")))
A23: Blair, Scott | B23: 1053283 | C23: 46387 | D23: =IF(C23="","",DATE(YEAR(C23)-1,1,1)) -> 45658 | E23: =IF(C23="","",DATE(YEAR(C23),12,31)) -> 46387 | F23: =IF(OR(A23="",C23=""),"",SUMPRODUCT(('Training Detail'!$A$5:$A$5000=A23)*('Training Detail'!$M$5:$M$5000=Standards!A2)*('Training Detail'!$G$5:$G$5000>=D23)*('Training Detail'!$G$5:$G$5000<=E23)*('Training Detail'!$P$5:$P$5000))) -> 4 | G23: =IF(OR(A23="",C23=""),"",SUMPRODUCT(('Training Detail'!$A$5:$A$5000=A23)*('Training Detail'!$M$5:$M$5000=Standards!A3)*('Training Detail'!$G$5:$G$5000>=D23)*('Training Detail'!$G$5:$G$5000<=E23)*('Training Detail'!$P$5:$P$5000))) -> 0 | H23: =IF(OR(A23="",C23=""),"",SUMPRODUCT(('Training Detail'!$A$5:$A$5000=A23)*('Training Detail'!$M$5:$M$5000=Standards!A4)*('Training Detail'!$G$5:$G$5000>=D23)*('Training Detail'!$G$5:$G$5000<=E23)*('Training Detail'!$P$5:$P$5000))) -> 6 | I23: =IF(OR(A23="",C23=""),"",SUMPRODUCT(('Training Detail'!$A$5:$A$5000=A23)*('Training Detail'!$M$5:$M$5000=Standards!A5)*('Training Detail'!$G$5:$G$5000>=D23)*('Training Detail'!$G$5:$G$5000<=E23)*('Training Detail'!$P$5:$P$5000))) -> 10 | J23: =IF(OR(A23="",C23=""),"",SUMPRODUCT(('Training Detail'!$A$5:$A$5000=A23)*('Training Detail'!$M$5:$M$5000=Standards!A6)*('Training Detail'!$G$5:$G$5000>=D23)*('Training Detail'!$G$5:$G$5000<=E23)*('Training Detail'!$P$5:$P$5000))) -> 0 | K23: =IF(OR(A23="",C23=""),"",SUMPRODUCT(('Training Detail'!$A$5:$A$5000=A23)*('Training Detail'!$M$5:$M$5000=Standards!A7)*('Training Detail'!$G$5:$G$5000>=D23)*('Training Detail'!$G$5:$G$5000<=E23)*('Training Detail'!$P$5:$P$5000))) -> 1 | L23: =IF(OR(A23="",C23=""),"",SUMPRODUCT(('Training Detail'!$A$5:$A$5000=A23)*('Training Detail'!$M$5:$M$5000=Standards!A8)*('Training Detail'!$G$5:$G$5000>=D23)*('Training Detail'!$G$5:$G$5000<=E23)*('Training Detail'!$P$5:$P$5000))) -> 0 | M23: =IF(OR(A23="",C23=""),"",SUMPRODUCT(('Training Detail'!$A$5:$A$5000=A23)*('Training Detail'!$M$5:$M$5000=Standards!A9)*('Training Detail'!$G$5:$G$5000>=D23)*('Training Detail'!$G$5:$G$5000<=E23)*('Training Detail'!$P$5:$P$5000))) -> 0 | N23: =IF(A23="","",IF(C23="","Set exp date",IF(AND(F23>=Requirements!B5,G23>=Requirements!B6,H23>=Requirements!B7,I23>=Requirements!B8,J23>=Requirements!B9,K23>=Requirements!B10,L23>=Requirements!B11,M23>=Requirements!B12),"Met","Short"))) -> Short | O23: =IF(OR(A23="",C23=""),"",IF(N23="Met","",IF(F23<Requirements!B5,Requirements!A5&" "&TEXT(Requirements!B5-F23,"0.##")&"; ","")&IF(G23<Requirements!B6,Requirements!A6&" "&TEXT(Requirements!B6-G23,"0.##")&"; ","")&IF(H23<Requirements!B7,Requirements!A7&" "&TEXT(Requirements!B7-H23,"0.##")&"; ","")&IF(I23<Requirements!B8,Requirements!A8&" "&TEXT(Requirements!B8-I23,"0.##")&"; ","")&IF(J23<Requirements!B9,Requirements!A9&" "&TEXT(Requirements!B9-J23,"0.##")&"; ","")&IF(K23<Requirements!B10,Requirements!A10&" "&TEXT(Requirements!B10-K23,"0.##")&"; ","")&IF(L23<Requirements!B11,Requirements!A11&" "&TEXT(Requirements!B11-L23,"0.##")&"; ","")&IF(M23<Requirements!B12,Requirements!A12&" "&TEXT(Requirements!B12-M23,"0.##")&"; ",""))) -> Cardiovascular 5; Operations 2; SVAT 1; CPR/AED 1;
A24: Britton, Chris | B24: 1117145 | C24: 46387 | D24: =IF(C24="","",DATE(YEAR(C24)-1,1,1)) -> 45658 | E24: =IF(C24="","",DATE(YEAR(C24),12,31)) -> 46387 | F24: =IF(OR(A24="",C24=""),"",SUMPRODUCT(('Training Detail'!$A$5:$A$5000=A24)*('Training Detail'!$M$5:$M$5000=Standards!A2)*('Training Detail'!$G$5:$G$5000>=D24)*('Training Detail'!$G$5:$G$5000<=E24)*('Training Detail'!$P$5:$P$5000))) -> 0 | G24: =IF(OR(A24="",C24=""),"",SUMPRODUCT(('Training Detail'!$A$5:$A$5000=A24)*('Training Detail'!$M$5:$M$5000=Standards!A3)*('Training Detail'!$G$5:$G$5000>=D24)*('Training Detail'!$G$5:$G$5000<=E24)*('Training Detail'!$P$5:$P$5000))) -> 0 | H24: =IF(OR(A24="",C24=""),"",SUMPRODUCT(('Training Detail'!$A$5:$A$5000=A24)*('Training Detail'!$M$5:$M$5000=Standards!A4)*('Training Detail'!$G$5:$G$5000>=D24)*('Training Detail'!$G$5:$G$5000<=E24)*('Training Detail'!$P$5:$P$5000))) -> 2 | I24: =IF(OR(A24="",C24=""),"",SUMPRODUCT(('Training Detail'!$A$5:$A$5000=A24)*('Training Detail'!$M$5:$M$5000=Standards!A5)*('Training Detail'!$G$5:$G$5000>=D24)*('Training Detail'!$G$5:$G$5000<=E24)*('Training Detail'!$P$5:$P$5000))) -> 2.5 | J24: =IF(OR(A24="",C24=""),"",SUMPRODUCT(('Training Detail'!$A$5:$A$5000=A24)*('Training Detail'!$M$5:$M$5000=Standards!A6)*('Training Detail'!$G$5:$G$5000>=D24)*('Training Detail'!$G$5:$G$5000<=E24)*('Training Detail'!$P$5:$P$5000))) -> 2 | K24: =IF(OR(A24="",C24=""),"",SUMPRODUCT(('Training Detail'!$A$5:$A$5000=A24)*('Training Detail'!$M$5:$M$5000=Standards!A7)*('Training Detail'!$G$5:$G$5000>=D24)*('Training Detail'!$G$5:$G$5000<=E24)*('Training Detail'!$P$5:$P$5000))) -> 0 | L24: =IF(OR(A24="",C24=""),"",SUMPRODUCT(('Training Detail'!$A$5:$A$5000=A24)*('Training Detail'!$M$5:$M$5000=Standards!A8)*('Training Detail'!$G$5:$G$5000>=D24)*('Training Detail'!$G$5:$G$5000<=E24)*('Training Detail'!$P$5:$P$5000))) -> 0 | M24: =IF(OR(A24="",C24=""),"",SUMPRODUCT(('Training Detail'!$A$5:$A$5000=A24)*('Training Detail'!$M$5:$M$5000=Standards!A9)*('Training Detail'!$G$5:$G$5000>=D24)*('Training Detail'!$G$5:$G$5000<=E24)*('Training Detail'!$P$5:$P$5000))) -> 0.5 | N24: =IF(A24="","",IF(C24="","Set exp date",IF(AND(F24>=Requirements!B5,G24>=Requirements!B6,H24>=Requirements!B7,I24>=Requirements!B8,J24>=Requirements!B9,K24>=Requirements!B10,L24>=Requirements!B11,M24>=Requirements!B12),"Met","Short"))) -> Short | O24: =IF(OR(A24="",C24=""),"",IF(N24="Met","",IF(F24<Requirements!B5,Requirements!A5&" "&TEXT(Requirements!B5-F24,"0.##")&"; ","")&IF(G24<Requirements!B6,Requirements!A6&" "&TEXT(Requirements!B6-G24,"0.##")&"; ","")&IF(H24<Requirements!B7,Requirements!A7&" "&TEXT(Requirements!B7-H24,"0.##")&"; ","")&IF(I24<Requirements!B8,Requirements!A8&" "&TEXT(Requirements!B8-I24,"0.##")&"; ","")&IF(J24<Requirements!B9,Requirements!A9&" "&TEXT(Requirements!B9-J24,"0.##")&"; ","")&IF(K24<Requirements!B10,Requirements!A10&" "&TEXT(Requirements!B10-K24,"0.##")&"; ","")&IF(L24<Requirements!B11,Requirements!A11&" "&TEXT(Requirements!B11-L24,"0.##")&"; ","")&IF(M24<Requirements!B12,Requirements!A12&" "&TEXT(Requirements!B12-M24,"0.##")&"; ",""))) -> Airway 4; Cardiovascular 5; Trauma 1; Medical 3.5; PAHT 1; SVAT 1; CPR/AED 0.5;
A25: Buchanon, Chris | B25: 1051664 | C25: 46387 | D25: =IF(C25="","",DATE(YEAR(C25)-1,1,1)) -> 45658 | E25: =IF(C25="","",DATE(YEAR(C25),12,31)) -> 46387 | F25: =IF(OR(A25="",C25=""),"",SUMPRODUCT(('Training Detail'!$A$5:$A$5000=A25)*('Training Detail'!$M$5:$M$5000=Standards!A2)*('Training Detail'!$G$5:$G$5000>=D25)*('Training Detail'!$G$5:$G$5000<=E25)*('Training Detail'!$P$5:$P$5000))) -> 0 | G25: =IF(OR(A25="",C25=""),"",SUMPRODUCT(('Training Detail'!$A$5:$A$5000=A25)*('Training Detail'!$M$5:$M$5000=Standards!A3)*('Training Detail'!$G$5:$G$5000>=D25)*('Training Detail'!$G$5:$G$5000<=E25)*('Training Detail'!$P$5:$P$5000))) -> 2 | H25: =IF(OR(A25="",C25=""),"",SUMPRODUCT(('Training Detail'!$A$5:$A$5000=A25)*('Training Detail'!$M$5:$M$5000=Standards!A4)*('Training Detail'!$G$5:$G$5000>=D25)*('Training Detail'!$G$5:$G$5000<=E25)*('Training Detail'!$P$5:$P$5000))) -> 7 | I25: =IF(OR(A25="",C25=""),"",SUMPRODUCT(('Training Detail'!$A$5:$A$5000=A25)*('Training Detail'!$M$5:$M$5000=Standards!A5)*('Training Detail'!$G$5:$G$5000>=D25)*('Training Detail'!$G$5:$G$5000<=E25)*('Training Detail'!$P$5:$P$5000))) -> 3.5 | J25: =IF(OR(A25="",C25=""),"",SUMPRODUCT(('Training Detail'!$A$5:$A$5000=A25)*('Training Detail'!$M$5:$M$5000=Standards!A6)*('Training Detail'!$G$5:$G$5000>=D25)*('Training Detail'!$G$5:$G$5000<=E25)*('Training Detail'!$P$5:$P$5000))) -> 2 | K25: =IF(OR(A25="",C25=""),"",SUMPRODUCT(('Training Detail'!$A$5:$A$5000=A25)*('Training Detail'!$M$5:$M$5000=Standards!A7)*('Training Detail'!$G$5:$G$5000>=D25)*('Training Detail'!$G$5:$G$5000<=E25)*('Training Detail'!$P$5:$P$5000))) -> 0 | L25: =IF(OR(A25="",C25=""),"",SUMPRODUCT(('Training Detail'!$A$5:$A$5000=A25)*('Training Detail'!$M$5:$M$5000=Standards!A8)*('Training Detail'!$G$5:$G$5000>=D25)*('Training Detail'!$G$5:$G$5000<=E25)*('Training Detail'!$P$5:$P$5000))) -> 0 | M25: =IF(OR(A25="",C25=""),"",SUMPRODUCT(('Training Detail'!$A$5:$A$5000=A25)*('Training Detail'!$M$5:$M$5000=Standards!A9)*('Training Detail'!$G$5:$G$5000>=D25)*('Training Detail'!$G$5:$G$5000<=E25)*('Training Detail'!$P$5:$P$5000))) -> 3 | N25: =IF(A25="","",IF(C25="","Set exp date",IF(AND(F25>=Requirements!B5,G25>=Requirements!B6,H25>=Requirements!B7,I25>=Requirements!B8,J25>=Requirements!B9,K25>=Requirements!B10,L25>=Requirements!B11,M25>=Requirements!B12),"Met","Short"))) -> Short | O25: =IF(OR(A25="",C25=""),"",IF(N25="Met","",IF(F25<Requirements!B5,Requirements!A5&" "&TEXT(Requirements!B5-F25,"0.##")&"; ","")&IF(G25<Requirements!B6,Requirements!A6&" "&TEXT(Requirements!B6-G25,"0.##")&"; ","")&IF(H25<Requirements!B7,Requirements!A7&" "&TEXT(Requirements!B7-H25,"0.##")&"; ","")&IF(I25<Requirements!B8,Requirements!A8&" "&TEXT(Requirements!B8-I25,"0.##")&"; ","")&IF(J25<Requirements!B9,Requirements!A9&" "&TEXT(Requirements!B9-J25,"0.##")&"; ","")&IF(K25<Requirements!B10,Requirements!A10&" "&TEXT(Requirements!B10-K25,"0.##")&"; ","")&IF(L25<Requirements!B11,Requirements!A11&" "&TEXT(Requirements!B11-L25,"0.##")&"; ","")&IF(M25<Requirements!B12,Requirements!A12&" "&TEXT(Requirements!B12-M25,"0.##")&"; ",""))) -> Airway 4; Cardiovascular 3; Medical 2.5; PAHT 1; SVAT 1;
A26: Buchanon, Tim | B26: 1040899 | C26: 46387 | D26: =IF(C26="","",DATE(YEAR(C26)-1,1,1)) -> 45658 | E26: =IF(C26="","",DATE(YEAR(C26),12,31)) -> 46387 | F26: =IF(OR(A26="",C26=""),"",SUMPRODUCT(('Training Detail'!$A$5:$A$5000=A26)*('Training Detail'!$M$5:$M$5000=Standards!A2)*('Training Detail'!$G$5:$G$5000>=D26)*('Training Detail'!$G$5:$G$5000<=E26)*('Training Detail'!$P$5:$P$5000))) -> 2 | G26: =IF(OR(A26="",C26=""),"",SUMPRODUCT(('Training Detail'!$A$5:$A$5000=A26)*('Training Detail'!$M$5:$M$5000=Standards!A3)*('Training Detail'!$G$5:$G$5000>=D26)*('Training Detail'!$G$5:$G$5000<=E26)*('Training Detail'!$P$5:$P$5000))) -> 2 | H26: =IF(OR(A26="",C26=""),"",SUMPRODUCT(('Training Detail'!$A$5:$A$5000=A26)*('Training Detail'!$M$5:$M$5000=Standards!A4)*('Training Detail'!$G$5:$G$5000>=D26)*('Training Detail'!$G$5:$G$5000<=E26)*('Training Detail'!$P$5:$P$5000))) -> 8 | I26: =IF(OR(A26="",C26=""),"",SUMPRODUCT(('Training Detail'!$A$5:$A$5000=A26)*('Training Detail'!$M$5:$M$5000=Standards!A5)*('Training Detail'!$G$5:$G$5000>=D26)*('Training Detail'!$G$5:$G$5000<=E26)*('Training Detail'!$P$5:$P$5000))) -> 5 | J26: =IF(OR(A26="",C26=""),"",SUMPRODUCT(('Training Detail'!$A$5:$A$5000=A26)*('Training Detail'!$M$5:$M$5000=Standards!A6)*('Training Detail'!$G$5:$G$5000>=D26)*('Training Detail'!$G$5:$G$5000<=E26)*('Training Detail'!$P$5:$P$5000))) -> 0 | K26: =IF(OR(A26="",C26=""),"",SUMPRODUCT(('Training Detail'!$A$5:$A$5000=A26)*('Training Detail'!$M$5:$M$5000=Standards!A7)*('Training Detail'!$G$5:$G$5000>=D26)*('Training Detail'!$G$5:$G$5000<=E26)*('Training Detail'!$P$5:$P$5000))) -> 0 | L26: =IF(OR(A26="",C26=""),"",SUMPRODUCT(('Training Detail'!$A$5:$A$5000=A26)*('Training Detail'!$M$5:$M$5000=Standards!A8)*('Training Detail'!$G$5:$G$5000>=D26)*('Training Detail'!$G$5:$G$5000<=E26)*('Training Detail'!$P$5:$P$5000))) -> 0 | M26: =IF(OR(A26="",C26=""),"",SUMPRODUCT(('Training Detail'!$A$5:$A$5000=A26)*('Training Detail'!$M$5:$M$5000=Standards!A9)*('Training Detail'!$G$5:$G$5000>=D26)*('Training Detail'!$G$5:$G$5000<=E26)*('Training Detail'!$P$5:$P$5000))) -> 0 | N26: =IF(A26="","",IF(C26="","Set exp date",IF(AND(F26>=Requirements!B5,G26>=Requirements!B6,H26>=Requirements!B7,I26>=Requirements!B8,J26>=Requirements!B9,K26>=Requirements!B10,L26>=Requirements!B11,M26>=Requirements!B12),"Met","Short"))) -> Short | O26: =IF(OR(A26="",C26=""),"",IF(N26="Met","",IF(F26<Requirements!B5,Requirements!A5&" "&TEXT(Requirements!B5-F26,"0.##")&"; ","")&IF(G26<Requirements!B6,Requirements!A6&" "&TEXT(Requirements!B6-G26,"0.##")&"; ","")&IF(H26<Requirements!B7,Requirements!A7&" "&TEXT(Requirements!B7-H26,"0.##")&"; ","")&IF(I26<Requirements!B8,Requirements!A8&" "&TEXT(Requirements!B8-I26,"0.##")&"; ","")&IF(J26<Requirements!B9,Requirements!A9&" "&TEXT(Requirements!B9-J26,"0.##")&"; ","")&IF(K26<Requirements!B10,Requirements!A10&" "&TEXT(Requirements!B10-K26,"0.##")&"; ","")&IF(L26<Requirements!B11,Requirements!A11&" "&TEXT(Requirements!B11-L26,"0.##")&"; ","")&IF(M26<Requirements!B12,Requirements!A12&" "&TEXT(Requirements!B12-M26,"0.##")&"; ",""))) -> Airway 2; Cardiovascular 3; Medical 1; Operations 2; PAHT 1; SVAT 1; CPR/AED 1;
A27: Burton, Cole | B27: 1125105 | C27: 46752 | D27: =IF(C27="","",DATE(YEAR(C27)-1,1,1)) -> 46023 | E27: =IF(C27="","",DATE(YEAR(C27),12,31)) -> 46752 | F27: =IF(OR(A27="",C27=""),"",SUMPRODUCT(('Training Detail'!$A$5:$A$5000=A27)*('Training Detail'!$M$5:$M$5000=Standards!A2)*('Training Detail'!$G$5:$G$5000>=D27)*('Training Detail'!$G$5:$G$5000<=E27)*('Training Detail'!$P$5:$P$5000))) -> 0 | G27: =IF(OR(A27="",C27=""),"",SUMPRODUCT(('Training Detail'!$A$5:$A$5000=A27)*('Training Detail'!$M$5:$M$5000=Standards!A3)*('Training Detail'!$G$5:$G$5000>=D27)*('Training Detail'!$G$5:$G$5000<=E27)*('Training Detail'!$P$5:$P$5000))) -> 0.5 | H27: =IF(OR(A27="",C27=""),"",SUMPRODUCT(('Training Detail'!$A$5:$A$5000=A27)*('Training Detail'!$M$5:$M$5000=Standards!A4)*('Training Detail'!$G$5:$G$5000>=D27)*('Training Detail'!$G$5:$G$5000<=E27)*('Training Detail'!$P$5:$P$5000))) -> 6 | I27: =IF(OR(A27="",C27=""),"",SUMPRODUCT(('Training Detail'!$A$5:$A$5000=A27)*('Training Detail'!$M$5:$M$5000=Standards!A5)*('Training Detail'!$G$5:$G$5000>=D27)*('Training Detail'!$G$5:$G$5000<=E27)*('Training Detail'!$P$5:$P$5000))) -> 1 | J27: =IF(OR(A27="",C27=""),"",SUMPRODUCT(('Training Detail'!$A$5:$A$5000=A27)*('Training Detail'!$M$5:$M$5000=Standards!A6)*('Training Detail'!$G$5:$G$5000>=D27)*('Training Detail'!$G$5:$G$5000<=E27)*('Training Detail'!$P$5:$P$5000))) -> 5.5 | K27: =IF(OR(A27="",C27=""),"",SUMPRODUCT(('Training Detail'!$A$5:$A$5000=A27)*('Training Detail'!$M$5:$M$5000=Standards!A7)*('Training Detail'!$G$5:$G$5000>=D27)*('Training Detail'!$G$5:$G$5000<=E27)*('Training Detail'!$P$5:$P$5000))) -> 0 | L27: =IF(OR(A27="",C27=""),"",SUMPRODUCT(('Training Detail'!$A$5:$A$5000=A27)*('Training Detail'!$M$5:$M$5000=Standards!A8)*('Training Detail'!$G$5:$G$5000>=D27)*('Training Detail'!$G$5:$G$5000<=E27)*('Training Detail'!$P$5:$P$5000))) -> 0 | M27: =IF(OR(A27="",C27=""),"",SUMPRODUCT(('Training Detail'!$A$5:$A$5000=A27)*('Training Detail'!$M$5:$M$5000=Standards!A9)*('Training Detail'!$G$5:$G$5000>=D27)*('Training Detail'!$G$5:$G$5000<=E27)*('Training Detail'!$P$5:$P$5000))) -> 0 | N27: =IF(A27="","",IF(C27="","Set exp date",IF(AND(F27>=Requirements!B5,G27>=Requirements!B6,H27>=Requirements!B7,I27>=Requirements!B8,J27>=Requirements!B9,K27>=Requirements!B10,L27>=Requirements!B11,M27>=Requirements!B12),"Met","Short"))) -> Short | O27: =IF(OR(A27="",C27=""),"",IF(N27="Met","",IF(F27<Requirements!B5,Requirements!A5&" "&TEXT(Requirements!B5-F27,"0.##")&"; ","")&IF(G27<Requirements!B6,Requirements!A6&" "&TEXT(Requirements!B6-G27,"0.##")&"; ","")&IF(H27<Requirements!B7,Requirements!A7&" "&TEXT(Requirements!B7-H27,"0.##")&"; ","")&IF(I27<Requirements!B8,Requirements!A8&" "&TEXT(Requirements!B8-I27,"0.##")&"; ","")&IF(J27<Requirements!B9,Requirements!A9&" "&TEXT(Requirements!B9-J27,"0.##")&"; ","")&IF(K27<Requirements!B10,Requirements!A10&" "&TEXT(Requirements!B10-K27,"0.##")&"; ","")&IF(L27<Requirements!B11,Requirements!A11&" "&TEXT(Requirements!B11-L27,"0.##")&"; ","")&IF(M27<Requirements!B12,Requirements!A12&" "&TEXT(Requirements!B12-M27,"0.##")&"; ",""))) -> Airway 4; Cardiovascular 4.5; Medical 5; PAHT 1; SVAT 1; CPR/AED 1;
A28: Buselmeier, DJ | B28: 1120179 | C28: 46387 | D28: =IF(C28="","",DATE(YEAR(C28)-1,1,1)) -> 45658 | E28: =IF(C28="","",DATE(YEAR(C28),12,31)) -> 46387 | F28: =IF(OR(A28="",C28=""),"",SUMPRODUCT(('Training Detail'!$A$5:$A$5000=A28)*('Training Detail'!$M$5:$M$5000=Standards!A2)*('Training Detail'!$G$5:$G$5000>=D28)*('Training Detail'!$G$5:$G$5000<=E28)*('Training Detail'!$P$5:$P$5000))) -> 4 | G28: =IF(OR(A28="",C28=""),"",SUMPRODUCT(('Training Detail'!$A$5:$A$5000=A28)*('Training Detail'!$M$5:$M$5000=Standards!A3)*('Training Detail'!$G$5:$G$5000>=D28)*('Training Detail'!$G$5:$G$5000<=E28)*('Training Detail'!$P$5:$P$5000))) -> 2.5 | H28: =IF(OR(A28="",C28=""),"",SUMPRODUCT(('Training Detail'!$A$5:$A$5000=A28)*('Training Detail'!$M$5:$M$5000=Standards!A4)*('Training Detail'!$G$5:$G$5000>=D28)*('Training Detail'!$G$5:$G$5000<=E28)*('Training Detail'!$P$5:$P$5000))) -> 11 | I28: =IF(OR(A28="",C28=""),"",SUMPRODUCT(('Training Detail'!$A$5:$A$5000=A28)*('Training Detail'!$M$5:$M$5000=Standards!A5)*('Training Detail'!$G$5:$G$5000>=D28)*('Training Detail'!$G$5:$G$5000<=E28)*('Training Detail'!$P$5:$P$5000))) -> 4.5 | J28: =IF(OR(A28="",C28=""),"",SUMPRODUCT(('Training Detail'!$A$5:$A$5000=A28)*('Training Detail'!$M$5:$M$5000=Standards!A6)*('Training Detail'!$G$5:$G$5000>=D28)*('Training Detail'!$G$5:$G$5000<=E28)*('Training Detail'!$P$5:$P$5000))) -> 4.5 | K28: =IF(OR(A28="",C28=""),"",SUMPRODUCT(('Training Detail'!$A$5:$A$5000=A28)*('Training Detail'!$M$5:$M$5000=Standards!A7)*('Training Detail'!$G$5:$G$5000>=D28)*('Training Detail'!$G$5:$G$5000<=E28)*('Training Detail'!$P$5:$P$5000))) -> 1 | L28: =IF(OR(A28="",C28=""),"",SUMPRODUCT(('Training Detail'!$A$5:$A$5000=A28)*('Training Detail'!$M$5:$M$5000=Standards!A8)*('Training Detail'!$G$5:$G$5000>=D28)*('Training Detail'!$G$5:$G$5000<=E28)*('Training Detail'!$P$5:$P$5000))) -> 1 | M28: =IF(OR(A28="",C28=""),"",SUMPRODUCT(('Training Detail'!$A$5:$A$5000=A28)*('Training Detail'!$M$5:$M$5000=Standards!A9)*('Training Detail'!$G$5:$G$5000>=D28)*('Training Detail'!$G$5:$G$5000<=E28)*('Training Detail'!$P$5:$P$5000))) -> 1.5 | N28: =IF(A28="","",IF(C28="","Set exp date",IF(AND(F28>=Requirements!B5,G28>=Requirements!B6,H28>=Requirements!B7,I28>=Requirements!B8,J28>=Requirements!B9,K28>=Requirements!B10,L28>=Requirements!B11,M28>=Requirements!B12),"Met","Short"))) -> Short | O28: =IF(OR(A28="",C28=""),"",IF(N28="Met","",IF(F28<Requirements!B5,Requirements!A5&" "&TEXT(Requirements!B5-F28,"0.##")&"; ","")&IF(G28<Requirements!B6,Requirements!A6&" "&TEXT(Requirements!B6-G28,"0.##")&"; ","")&IF(H28<Requirements!B7,Requirements!A7&" "&TEXT(Requirements!B7-H28,"0.##")&"; ","")&IF(I28<Requirements!B8,Requirements!A8&" "&TEXT(Requirements!B8-I28,"0.##")&"; ","")&IF(J28<Requirements!B9,Requirements!A9&" "&TEXT(Requirements!B9-J28,"0.##")&"; ","")&IF(K28<Requirements!B10,Requirements!A10&" "&TEXT(Requirements!B10-K28,"0.##")&"; ","")&IF(L28<Requirements!B11,Requirements!A11&" "&TEXT(Requirements!B11-L28,"0.##")&"; ","")&IF(M28<Requirements!B12,Requirements!A12&" "&TEXT(Requirements!B12-M28,"0.##")&"; ",""))) -> Cardiovascular 2.5; Medical 1.5;
A29: Bush, Alan | B29: 1119984 | C29: 46387 | D29: =IF(C29="","",DATE(YEAR(C29)-1,1,1)) -> 45658 | E29: =IF(C29="","",DATE(YEAR(C29),12,31)) -> 46387 | F29: =IF(OR(A29="",C29=""),"",SUMPRODUCT(('Training Detail'!$A$5:$A$5000=A29)*('Training Detail'!$M$5:$M$5000=Standards!A2)*('Training Detail'!$G$5:$G$5000>=D29)*('Training Detail'!$G$5:$G$5000<=E29)*('Training Detail'!$P$5:$P$5000))) -> 2 | G29: =IF(OR(A29="",C29=""),"",SUMPRODUCT(('Training Detail'!$A$5:$A$5000=A29)*('Training Detail'!$M$5:$M$5000=Standards!A3)*('Training Detail'!$G$5:$G$5000>=D29)*('Training Detail'!$G$5:$G$5000<=E29)*('Training Detail'!$P$5:$P$5000))) -> 6 | H29: =IF(OR(A29="",C29=""),"",SUMPRODUCT(('Training Detail'!$A$5:$A$5000=A29)*('Training Detail'!$M$5:$M$5000=Standards!A4)*('Training Detail'!$G$5:$G$5000>=D29)*('Training Detail'!$G$5:$G$5000<=E29)*('Training Detail'!$P$5:$P$5000))) -> 13 | I29: =IF(OR(A29="",C29=""),"",SUMPRODUCT(('Training Detail'!$A$5:$A$5000=A29)*('Training Detail'!$M$5:$M$5000=Standards!A5)*('Training Detail'!$G$5:$G$5000>=D29)*('Training Detail'!$G$5:$G$5000<=E29)*('Training Detail'!$P$5:$P$5000))) -> 14.5 | J29: =IF(OR(A29="",C29=""),"",SUMPRODUCT(('Training Detail'!$A$5:$A$5000=A29)*('Training Detail'!$M$5:$M$5000=Standards!A6)*('Training Detail'!$G$5:$G$5000>=D29)*('Training Detail'!$G$5:$G$5000<=E29)*('Training Detail'!$P$5:$P$5000))) -> 2 | K29: =IF(OR(A29="",C29=""),"",SUMPRODUCT(('Training Detail'!$A$5:$A$5000=A29)*('Training Detail'!$M$5:$M$5000=Standards!A7)*('Training Detail'!$G$5:$G$5000>=D29)*('Training Detail'!$G$5:$G$5000<=E29)*('Training Detail'!$P$5:$P$5000))) -> 0 | L29: =IF(OR(A29="",C29=""),"",SUMPRODUCT(('Training Detail'!$A$5:$A$5000=A29)*('Training Detail'!$M$5:$M$5000=Standards!A8)*('Training Detail'!$G$5:$G$5000>=D29)*('Training Detail'!$G$5:$G$5000<=E29)*('Training Detail'!$P$5:$P$5000))) -> 0 | M29: =IF(OR(A29="",C29=""),"",SUMPRODUCT(('Training Detail'!$A$5:$A$5000=A29)*('Training Detail'!$M$5:$M$5000=Standards!A9)*('Training Detail'!$G$5:$G$5000>=D29)*('Training Detail'!$G$5:$G$5000<=E29)*('Training Detail'!$P$5:$P$5000))) -> 0 | N29: =IF(A29="","",IF(C29="","Set exp date",IF(AND(F29>=Requirements!B5,G29>=Requirements!B6,H29>=Requirements!B7,I29>=Requirements!B8,J29>=Requirements!B9,K29>=Requirements!B10,L29>=Requirements!B11,M29>=Requirements!B12),"Met","Short"))) -> Short | O29: =IF(OR(A29="",C29=""),"",IF(N29="Met","",IF(F29<Requirements!B5,Requirements!A5&" "&TEXT(Requirements!B5-F29,"0.##")&"; ","")&IF(G29<Requirements!B6,Requirements!A6&" "&TEXT(Requirements!B6-G29,"0.##")&"; ","")&IF(H29<Requirements!B7,Requirements!A7&" "&TEXT(Requirements!B7-H29,"0.##")&"; ","")&IF(I29<Requirements!B8,Requirements!A8&" "&TEXT(Requirements!B8-I29,"0.##")&"; ","")&IF(J29<Requirements!B9,Requirements!A9&" "&TEXT(Requirements!B9-J29,"0.##")&"; ","")&IF(K29<Requirements!B10,Requirements!A10&" "&TEXT(Requirements!B10-K29,"0.##")&"; ","")&IF(L29<Requirements!B11,Requirements!A11&" "&TEXT(Requirements!B11-L29,"0.##")&"; ","")&IF(M29<Requirements!B12,Requirements!A12&" "&TEXT(Requirements!B12-M29,"0.##")&"; ",""))) -> Airway 2; PAHT 1; SVAT 1; CPR/AED 1;
A30: Caffey, Brad | B30: 1108112 | C30: 46387 | D30: =IF(C30="","",DATE(YEAR(C30)-1,1,1)) -> 45658 | E30: =IF(C30="","",DATE(YEAR(C30),12,31)) -> 46387 | F30: =IF(OR(A30="",C30=""),"",SUMPRODUCT(('Training Detail'!$A$5:$A$5000=A30)*('Training Detail'!$M$5:$M$5000=Standards!A2)*('Training Detail'!$G$5:$G$5000>=D30)*('Training Detail'!$G$5:$G$5000<=E30)*('Training Detail'!$P$5:$P$5000))) -> 2 | G30: =IF(OR(A30="",C30=""),"",SUMPRODUCT(('Training Detail'!$A$5:$A$5000=A30)*('Training Detail'!$M$5:$M$5000=Standards!A3)*('Training Detail'!$G$5:$G$5000>=D30)*('Training Detail'!$G$5:$G$5000<=E30)*('Training Detail'!$P$5:$P$5000))) -> 2 | H30: =IF(OR(A30="",C30=""),"",SUMPRODUCT(('Training Detail'!$A$5:$A$5000=A30)*('Training Detail'!$M$5:$M$5000=Standards!A4)*('Training Detail'!$G$5:$G$5000>=D30)*('Training Detail'!$G$5:$G$5000<=E30)*('Training Detail'!$P$5:$P$5000))) -> 4 | I30: =IF(OR(A30="",C30=""),"",SUMPRODUCT(('Training Detail'!$A$5:$A$5000=A30)*('Training Detail'!$M$5:$M$5000=Standards!A5)*('Training Detail'!$G$5:$G$5000>=D30)*('Training Detail'!$G$5:$G$5000<=E30)*('Training Detail'!$P$5:$P$5000))) -> 8 | J30: =IF(OR(A30="",C30=""),"",SUMPRODUCT(('Training Detail'!$A$5:$A$5000=A30)*('Training Detail'!$M$5:$M$5000=Standards!A6)*('Training Detail'!$G$5:$G$5000>=D30)*('Training Detail'!$G$5:$G$5000<=E30)*('Training Detail'!$P$5:$P$5000))) -> 0 | K30: =IF(OR(A30="",C30=""),"",SUMPRODUCT(('Training Detail'!$A$5:$A$5000=A30)*('Training Detail'!$M$5:$M$5000=Standards!A7)*('Training Detail'!$G$5:$G$5000>=D30)*('Training Detail'!$G$5:$G$5000<=E30)*('Training Detail'!$P$5:$P$5000))) -> 0 | L30: =IF(OR(A30="",C30=""),"",SUMPRODUCT(('Training Detail'!$A$5:$A$5000=A30)*('Training Detail'!$M$5:$M$5000=Standards!A8)*('Training Detail'!$G$5:$G$5000>=D30)*('Training Detail'!$G$5:$G$5000<=E30)*('Training Detail'!$P$5:$P$5000))) -> 0 | M30: =IF(OR(A30="",C30=""),"",SUMPRODUCT(('Training Detail'!$A$5:$A$5000=A30)*('Training Detail'!$M$5:$M$5000=Standards!A9)*('Training Detail'!$G$5:$G$5000>=D30)*('Training Detail'!$G$5:$G$5000<=E30)*('Training Detail'!$P$5:$P$5000))) -> 0 | N30: =IF(A30="","",IF(C30="","Set exp date",IF(AND(F30>=Requirements!B5,G30>=Requirements!B6,H30>=Requirements!B7,I30>=Requirements!B8,J30>=Requirements!B9,K30>=Requirements!B10,L30>=Requirements!B11,M30>=Requirements!B12),"Met","Short"))) -> Short | O30: =IF(OR(A30="",C30=""),"",IF(N30="Met","",IF(F30<Requirements!B5,Requirements!A5&" "&TEXT(Requirements!B5-F30,"0.##")&"; ","")&IF(G30<Requirements!B6,Requirements!A6&" "&TEXT(Requirements!B6-G30,"0.##")&"; ","")&IF(H30<Requirements!B7,Requirements!A7&" "&TEXT(Requirements!B7-H30,"0.##")&"; ","")&IF(I30<Requirements!B8,Requirements!A8&" "&TEXT(Requirements!B8-I30,"0.##")&"; ","")&IF(J30<Requirements!B9,Requirements!A9&" "&TEXT(Requirements!B9-J30,"0.##")&"; ","")&IF(K30<Requirements!B10,Requirements!A10&" "&TEXT(Requirements!B10-K30,"0.##")&"; ","")&IF(L30<Requirements!B11,Requirements!A11&" "&TEXT(Requirements!B11-L30,"0.##")&"; ","")&IF(M30<Requirements!B12,Requirements!A12&" "&TEXT(Requirements!B12-M30,"0.##")&"; ",""))) -> Airway 2; Cardiovascular 3; Operations 2; PAHT 1; SVAT 1; CPR/AED 1;
A31: Calixte, Ketler | B31: 1119753 | C31: 46387 | D31: =IF(C31="","",DATE(YEAR(C31)-1,1,1)) -> 45658 | E31: =IF(C31="","",DATE(YEAR(C31),12,31)) -> 46387 | F31: =IF(OR(A31="",C31=""),"",SUMPRODUCT(('Training Detail'!$A$5:$A$5000=A31)*('Training Detail'!$M$5:$M$5000=Standards!A2)*('Training Detail'!$G$5:$G$5000>=D31)*('Training Detail'!$G$5:$G$5000<=E31)*('Training Detail'!$P$5:$P$5000))) -> 3 | G31: =IF(OR(A31="",C31=""),"",SUMPRODUCT(('Training Detail'!$A$5:$A$5000=A31)*('Training Detail'!$M$5:$M$5000=Standards!A3)*('Training Detail'!$G$5:$G$5000>=D31)*('Training Detail'!$G$5:$G$5000<=E31)*('Training Detail'!$P$5:$P$5000))) -> 3 | H31: =IF(OR(A31="",C31=""),"",SUMPRODUCT(('Training Detail'!$A$5:$A$5000=A31)*('Training Detail'!$M$5:$M$5000=Standards!A4)*('Training Detail'!$G$5:$G$5000>=D31)*('Training Detail'!$G$5:$G$5000<=E31)*('Training Detail'!$P$5:$P$5000))) -> 8 | I31: =IF(OR(A31="",C31=""),"",SUMPRODUCT(('Training Detail'!$A$5:$A$5000=A31)*('Training Detail'!$M$5:$M$5000=Standards!A5)*('Training Detail'!$G$5:$G$5000>=D31)*('Training Detail'!$G$5:$G$5000<=E31)*('Training Detail'!$P$5:$P$5000))) -> 6 | J31: =IF(OR(A31="",C31=""),"",SUMPRODUCT(('Training Detail'!$A$5:$A$5000=A31)*('Training Detail'!$M$5:$M$5000=Standards!A6)*('Training Detail'!$G$5:$G$5000>=D31)*('Training Detail'!$G$5:$G$5000<=E31)*('Training Detail'!$P$5:$P$5000))) -> 1 | K31: =IF(OR(A31="",C31=""),"",SUMPRODUCT(('Training Detail'!$A$5:$A$5000=A31)*('Training Detail'!$M$5:$M$5000=Standards!A7)*('Training Detail'!$G$5:$G$5000>=D31)*('Training Detail'!$G$5:$G$5000<=E31)*('Training Detail'!$P$5:$P$5000))) -> 0 | L31: =IF(OR(A31="",C31=""),"",SUMPRODUCT(('Training Detail'!$A$5:$A$5000=A31)*('Training Detail'!$M$5:$M$5000=Standards!A8)*('Training Detail'!$G$5:$G$5000>=D31)*('Training Detail'!$G$5:$G$5000<=E31)*('Training Detail'!$P$5:$P$5000))) -> 0 | M31: =IF(OR(A31="",C31=""),"",SUMPRODUCT(('Training Detail'!$A$5:$A$5000=A31)*('Training Detail'!$M$5:$M$5000=Standards!A9)*('Training Detail'!$G$5:$G$5000>=D31)*('Training Detail'!$G$5:$G$5000<=E31)*('Training Detail'!$P$5:$P$5000))) -> 1 | N31: =IF(A31="","",IF(C31="","Set exp date",IF(AND(F31>=Requirements!B5,G31>=Requirements!B6,H31>=Requirements!B7,I31>=Requirements!B8,J31>=Requirements!B9,K31>=Requirements!B10,L31>=Requirements!B11,M31>=Requirements!B12),"Met","Short"))) -> Short | O31: =IF(OR(A31="",C31=""),"",IF(N31="Met","",IF(F31<Requirements!B5,Requirements!A5&" "&TEXT(Requirements!B5-F31,"0.##")&"; ","")&IF(G31<Requirements!B6,Requirements!A6&" "&TEXT(Requirements!B6-G31,"0.##")&"; ","")&IF(H31<Requirements!B7,Requirements!A7&" "&TEXT(Requirements!B7-H31,"0.##")&"; ","")&IF(I31<Requirements!B8,Requirements!A8&" "&TEXT(Requirements!B8-I31,"0.##")&"; ","")&IF(J31<Requirements!B9,Requirements!A9&" "&TEXT(Requirements!B9-J31,"0.##")&"; ","")&IF(K31<Requirements!B10,Requirements!A10&" "&TEXT(Requirements!B10-K31,"0.##")&"; ","")&IF(L31<Requirements!B11,Requirements!A11&" "&TEXT(Requirements!B11-L31,"0.##")&"; ","")&IF(M31<Requirements!B12,Requirements!A12&" "&TEXT(Requirements!B12-M31,"0.##")&"; ",""))) -> Airway 1; Cardiovascular 2; Operations 1; PAHT 1; SVAT 1;
A32: Candela, Steve | B32: 1113529 | C32: 46752 | D32: =IF(C32="","",DATE(YEAR(C32)-1,1,1)) -> 46023 | E32: =IF(C32="","",DATE(YEAR(C32),12,31)) -> 46752 | F32: =IF(OR(A32="",C32=""),"",SUMPRODUCT(('Training Detail'!$A$5:$A$5000=A32)*('Training Detail'!$M$5:$M$5000=Standards!A2)*('Training Detail'!$G$5:$G$5000>=D32)*('Training Detail'!$G$5:$G$5000<=E32)*('Training Detail'!$P$5:$P$5000))) -> 0 | G32: =IF(OR(A32="",C32=""),"",SUMPRODUCT(('Training Detail'!$A$5:$A$5000=A32)*('Training Detail'!$M$5:$M$5000=Standards!A3)*('Training Detail'!$G$5:$G$5000>=D32)*('Training Detail'!$G$5:$G$5000<=E32)*('Training Detail'!$P$5:$P$5000))) -> 3 | H32: =IF(OR(A32="",C32=""),"",SUMPRODUCT(('Training Detail'!$A$5:$A$5000=A32)*('Training Detail'!$M$5:$M$5000=Standards!A4)*('Training Detail'!$G$5:$G$5000>=D32)*('Training Detail'!$G$5:$G$5000<=E32)*('Training Detail'!$P$5:$P$5000))) -> 2 | I32: =IF(OR(A32="",C32=""),"",SUMPRODUCT(('Training Detail'!$A$5:$A$5000=A32)*('Training Detail'!$M$5:$M$5000=Standards!A5)*('Training Detail'!$G$5:$G$5000>=D32)*('Training Detail'!$G$5:$G$5000<=E32)*('Training Detail'!$P$5:$P$5000))) -> 2 | J32: =IF(OR(A32="",C32=""),"",SUMPRODUCT(('Training Detail'!$A$5:$A$5000=A32)*('Training Detail'!$M$5:$M$5000=Standards!A6)*('Training Detail'!$G$5:$G$5000>=D32)*('Training Detail'!$G$5:$G$5000<=E32)*('Training Detail'!$P$5:$P$5000))) -> 2 | K32: =IF(OR(A32="",C32=""),"",SUMPRODUCT(('Training Detail'!$A$5:$A$5000=A32)*('Training Detail'!$M$5:$M$5000=Standards!A7)*('Training Detail'!$G$5:$G$5000>=D32)*('Training Detail'!$G$5:$G$5000<=E32)*('Training Detail'!$P$5:$P$5000))) -> 0 | L32: =IF(OR(A32="",C32=""),"",SUMPRODUCT(('Training Detail'!$A$5:$A$5000=A32)*('Training Detail'!$M$5:$M$5000=Standards!A8)*('Training Detail'!$G$5:$G$5000>=D32)*('Training Detail'!$G$5:$G$5000<=E32)*('Training Detail'!$P$5:$P$5000))) -> 0 | M32: =IF(OR(A32="",C32=""),"",SUMPRODUCT(('Training Detail'!$A$5:$A$5000=A32)*('Training Detail'!$M$5:$M$5000=Standards!A9)*('Training Detail'!$G$5:$G$5000>=D32)*('Training Detail'!$G$5:$G$5000<=E32)*('Training Detail'!$P$5:$P$5000))) -> 0 | N32: =IF(A32="","",IF(C32="","Set exp date",IF(AND(F32>=Requirements!B5,G32>=Requirements!B6,H32>=Requirements!B7,I32>=Requirements!B8,J32>=Requirements!B9,K32>=Requirements!B10,L32>=Requirements!B11,M32>=Requirements!B12),"Met","Short"))) -> Short | O32: =IF(OR(A32="",C32=""),"",IF(N32="Met","",IF(F32<Requirements!B5,Requirements!A5&" "&TEXT(Requirements!B5-F32,"0.##")&"; ","")&IF(G32<Requirements!B6,Requirements!A6&" "&TEXT(Requirements!B6-G32,"0.##")&"; ","")&IF(H32<Requirements!B7,Requirements!A7&" "&TEXT(Requirements!B7-H32,"0.##")&"; ","")&IF(I32<Requirements!B8,Requirements!A8&" "&TEXT(Requirements!B8-I32,"0.##")&"; ","")&IF(J32<Requirements!B9,Requirements!A9&" "&TEXT(Requirements!B9-J32,"0.##")&"; ","")&IF(K32<Requirements!B10,Requirements!A10&" "&TEXT(Requirements!B10-K32,"0.##")&"; ","")&IF(L32<Requirements!B11,Requirements!A11&" "&TEXT(Requirements!B11-L32,"0.##")&"; ","")&IF(M32<Requirements!B12,Requirements!A12&" "&TEXT(Requirements!B12-M32,"0.##")&"; ",""))) -> Airway 4; Cardiovascular 2; Trauma 1; Medical 4; PAHT 1; SVAT 1; CPR/AED 1;
A33: Cannon, Tyler | B33: 1108886 | C33: 46752 | D33: =IF(C33="","",DATE(YEAR(C33)-1,1,1)) -> 46023 | E33: =IF(C33="","",DATE(YEAR(C33),12,31)) -> 46752 | F33: =IF(OR(A33="",C33=""),"",SUMPRODUCT(('Training Detail'!$A$5:$A$5000=A33)*('Training Detail'!$M$5:$M$5000=Standards!A2)*('Training Detail'!$G$5:$G$5000>=D33)*('Training Detail'!$G$5:$G$5000<=E33)*('Training Detail'!$P$5:$P$5000))) -> 1 | G33: =IF(OR(A33="",C33=""),"",SUMPRODUCT(('Training Detail'!$A$5:$A$5000=A33)*('Training Detail'!$M$5:$M$5000=Standards!A3)*('Training Detail'!$G$5:$G$5000>=D33)*('Training Detail'!$G$5:$G$5000<=E33)*('Training Detail'!$P$5:$P$5000))) -> 1 | H33: =IF(OR(A33="",C33=""),"",SUMPRODUCT(('Training Detail'!$A$5:$A$5000=A33)*('Training Detail'!$M$5:$M$5000=Standards!A4)*('Training Detail'!$G$5:$G$5000>=D33)*('Training Detail'!$G$5:$G$5000<=E33)*('Training Detail'!$P$5:$P$5000))) -> 3 | I33: =IF(OR(A33="",C33=""),"",SUMPRODUCT(('Training Detail'!$A$5:$A$5000=A33)*('Training Detail'!$M$5:$M$5000=Standards!A5)*('Training Detail'!$G$5:$G$5000>=D33)*('Training Detail'!$G$5:$G$5000<=E33)*('Training Detail'!$P$5:$P$5000))) -> 1 | J33: =IF(OR(A33="",C33=""),"",SUMPRODUCT(('Training Detail'!$A$5:$A$5000=A33)*('Training Detail'!$M$5:$M$5000=Standards!A6)*('Training Detail'!$G$5:$G$5000>=D33)*('Training Detail'!$G$5:$G$5000<=E33)*('Training Detail'!$P$5:$P$5000))) -> 1 | K33: =IF(OR(A33="",C33=""),"",SUMPRODUCT(('Training Detail'!$A$5:$A$5000=A33)*('Training Detail'!$M$5:$M$5000=Standards!A7)*('Training Detail'!$G$5:$G$5000>=D33)*('Training Detail'!$G$5:$G$5000<=E33)*('Training Detail'!$P$5:$P$5000))) -> 0 | L33: =IF(OR(A33="",C33=""),"",SUMPRODUCT(('Training Detail'!$A$5:$A$5000=A33)*('Training Detail'!$M$5:$M$5000=Standards!A8)*('Training Detail'!$G$5:$G$5000>=D33)*('Training Detail'!$G$5:$G$5000<=E33)*('Training Detail'!$P$5:$P$5000))) -> 0 | M33: =IF(OR(A33="",C33=""),"",SUMPRODUCT(('Training Detail'!$A$5:$A$5000=A33)*('Training Detail'!$M$5:$M$5000=Standards!A9)*('Training Detail'!$G$5:$G$5000>=D33)*('Training Detail'!$G$5:$G$5000<=E33)*('Training Detail'!$P$5:$P$5000))) -> 0 | N33: =IF(A33="","",IF(C33="","Set exp date",IF(AND(F33>=Requirements!B5,G33>=Requirements!B6,H33>=Requirements!B7,I33>=Requirements!B8,J33>=Requirements!B9,K33>=Requirements!B10,L33>=Requirements!B11,M33>=Requirements!B12),"Met","Short"))) -> Short | O33: =IF(OR(A33="",C33=""),"",IF(N33="Met","",IF(F33<Requirements!B5,Requirements!A5&" "&TEXT(Requirements!B5-F33,"0.##")&"; ","")&IF(G33<Requirements!B6,Requirements!A6&" "&TEXT(Requirements!B6-G33,"0.##")&"; ","")&IF(H33<Requirements!B7,Requirements!A7&" "&TEXT(Requirements!B7-H33,"0.##")&"; ","")&IF(I33<Requirements!B8,Requirements!A8&" "&TEXT(Requirements!B8-I33,"0.##")&"; ","")&IF(J33<Requirements!B9,Requirements!A9&" "&TEXT(Requirements!B9-J33,"0.##")&"; ","")&IF(K33<Requirements!B10,Requirements!A10&" "&TEXT(Requirements!B10-K33,"0.##")&"; ","")&IF(L33<Requirements!B11,Requirements!A11&" "&TEXT(Requirements!B11-L33,"0.##")&"; ","")&IF(M33<Requirements!B12,Requirements!A12&" "&TEXT(Requirements!B12-M33,"0.##")&"; ",""))) -> Airway 3; Cardiovascular 4; Medical 5; Operations 1; PAHT 1; SVAT 1; CPR/AED 1;
A34: Carlson, Evron | D34: =IF(C34="","",DATE(YEAR(C34)-1,1,1)) | E34: =IF(C34="","",DATE(YEAR(C34),12,31)) | F34: =IF(OR(A34="",C34=""),"",SUMPRODUCT(('Training Detail'!$A$5:$A$5000=A34)*('Training Detail'!$M$5:$M$5000=Standards!A2)*('Training Detail'!$G$5:$G$5000>=D34)*('Training Detail'!$G$5:$G$5000<=E34)*('Training Detail'!$P$5:$P$5000))) | G34: =IF(OR(A34="",C34=""),"",SUMPRODUCT(('Training Detail'!$A$5:$A$5000=A34)*('Training Detail'!$M$5:$M$5000=Standards!A3)*('Training Detail'!$G$5:$G$5000>=D34)*('Training Detail'!$G$5:$G$5000<=E34)*('Training Detail'!$P$5:$P$5000))) | H34: =IF(OR(A34="",C34=""),"",SUMPRODUCT(('Training Detail'!$A$5:$A$5000=A34)*('Training Detail'!$M$5:$M$5000=Standards!A4)*('Training Detail'!$G$5:$G$5000>=D34)*('Training Detail'!$G$5:$G$5000<=E34)*('Training Detail'!$P$5:$P$5000))) | I34: =IF(OR(A34="",C34=""),"",SUMPRODUCT(('Training Detail'!$A$5:$A$5000=A34)*('Training Detail'!$M$5:$M$5000=Standards!A5)*('Training Detail'!$G$5:$G$5000>=D34)*('Training Detail'!$G$5:$G$5000<=E34)*('Training Detail'!$P$5:$P$5000))) | J34: =IF(OR(A34="",C34=""),"",SUMPRODUCT(('Training Detail'!$A$5:$A$5000=A34)*('Training Detail'!$M$5:$M$5000=Standards!A6)*('Training Detail'!$G$5:$G$5000>=D34)*('Training Detail'!$G$5:$G$5000<=E34)*('Training Detail'!$P$5:$P$5000))) | K34: =IF(OR(A34="",C34=""),"",SUMPRODUCT(('Training Detail'!$A$5:$A$5000=A34)*('Training Detail'!$M$5:$M$5000=Standards!A7)*('Training Detail'!$G$5:$G$5000>=D34)*('Training Detail'!$G$5:$G$5000<=E34)*('Training Detail'!$P$5:$P$5000))) | L34: =IF(OR(A34="",C34=""),"",SUMPRODUCT(('Training Detail'!$A$5:$A$5000=A34)*('Training Detail'!$M$5:$M$5000=Standards!A8)*('Training Detail'!$G$5:$G$5000>=D34)*('Training Detail'!$G$5:$G$5000<=E34)*('Training Detail'!$P$5:$P$5000))) | M34: =IF(OR(A34="",C34=""),"",SUMPRODUCT(('Training Detail'!$A$5:$A$5000=A34)*('Training Detail'!$M$5:$M$5000=Standards!A9)*('Training Detail'!$G$5:$G$5000>=D34)*('Training Detail'!$G$5:$G$5000<=E34)*('Training Detail'!$P$5:$P$5000))) | N34: =IF(A34="","",IF(C34="","Set exp date",IF(AND(F34>=Requirements!B5,G34>=Requirements!B6,H34>=Requirements!B7,I34>=Requirements!B8,J34>=Requirements!B9,K34>=Requirements!B10,L34>=Requirements!B11,M34>=Requirements!B12),"Met","Short"))) -> Set exp date | O34: =IF(OR(A34="",C34=""),"",IF(N34="Met","",IF(F34<Requirements!B5,Requirements!A5&" "&TEXT(Requirements!B5-F34,"0.##")&"; ","")&IF(G34<Requirements!B6,Requirements!A6&" "&TEXT(Requirements!B6-G34,"0.##")&"; ","")&IF(H34<Requirements!B7,Requirements!A7&" "&TEXT(Requirements!B7-H34,"0.##")&"; ","")&IF(I34<Requirements!B8,Requirements!A8&" "&TEXT(Requirements!B8-I34,"0.##")&"; ","")&IF(J34<Requirements!B9,Requirements!A9&" "&TEXT(Requirements!B9-J34,"0.##")&"; ","")&IF(K34<Requirements!B10,Requirements!A10&" "&TEXT(Requirements!B10-K34,"0.##")&"; ","")&IF(L34<Requirements!B11,Requirements!A11&" "&TEXT(Requirements!B11-L34,"0.##")&"; ","")&IF(M34<Requirements!B12,Requirements!A12&" "&TEXT(Requirements!B12-M34,"0.##")&"; ","")))
A35: Carter, David | B35: 1105173 | C35: 46387 | D35: =IF(C35="","",DATE(YEAR(C35)-1,1,1)) -> 45658 | E35: =IF(C35="","",DATE(YEAR(C35),12,31)) -> 46387 | F35: =IF(OR(A35="",C35=""),"",SUMPRODUCT(('Training Detail'!$A$5:$A$5000=A35)*('Training Detail'!$M$5:$M$5000=Standards!A2)*('Training Detail'!$G$5:$G$5000>=D35)*('Training Detail'!$G$5:$G$5000<=E35)*('Training Detail'!$P$5:$P$5000))) -> 1.5 | G35: =IF(OR(A35="",C35=""),"",SUMPRODUCT(('Training Detail'!$A$5:$A$5000=A35)*('Training Detail'!$M$5:$M$5000=Standards!A3)*('Training Detail'!$G$5:$G$5000>=D35)*('Training Detail'!$G$5:$G$5000<=E35)*('Training Detail'!$P$5:$P$5000))) -> 1.5 | H35: =IF(OR(A35="",C35=""),"",SUMPRODUCT(('Training Detail'!$A$5:$A$5000=A35)*('Training Detail'!$M$5:$M$5000=Standards!A4)*('Training Detail'!$G$5:$G$5000>=D35)*('Training Detail'!$G$5:$G$5000<=E35)*('Training Detail'!$P$5:$P$5000))) -> 7.75 | I35: =IF(OR(A35="",C35=""),"",SUMPRODUCT(('Training Detail'!$A$5:$A$5000=A35)*('Training Detail'!$M$5:$M$5000=Standards!A5)*('Training Detail'!$G$5:$G$5000>=D35)*('Training Detail'!$G$5:$G$5000<=E35)*('Training Detail'!$P$5:$P$5000))) -> 3 | J35: =IF(OR(A35="",C35=""),"",SUMPRODUCT(('Training Detail'!$A$5:$A$5000=A35)*('Training Detail'!$M$5:$M$5000=Standards!A6)*('Training Detail'!$G$5:$G$5000>=D35)*('Training Detail'!$G$5:$G$5000<=E35)*('Training Detail'!$P$5:$P$5000))) -> 3 | K35: =IF(OR(A35="",C35=""),"",SUMPRODUCT(('Training Detail'!$A$5:$A$5000=A35)*('Training Detail'!$M$5:$M$5000=Standards!A7)*('Training Detail'!$G$5:$G$5000>=D35)*('Training Detail'!$G$5:$G$5000<=E35)*('Training Detail'!$P$5:$P$5000))) -> 0 | L35: =IF(OR(A35="",C35=""),"",SUMPRODUCT(('Training Detail'!$A$5:$A$5000=A35)*('Training Detail'!$M$5:$M$5000=Standards!A8)*('Training Detail'!$G$5:$G$5000>=D35)*('Training Detail'!$G$5:$G$5000<=E35)*('Training Detail'!$P$5:$P$5000))) -> 0 | M35: =IF(OR(A35="",C35=""),"",SUMPRODUCT(('Training Detail'!$A$5:$A$5000=A35)*('Training Detail'!$M$5:$M$5000=Standards!A9)*('Training Detail'!$G$5:$G$5000>=D35)*('Training Detail'!$G$5:$G$5000<=E35)*('Training Detail'!$P$5:$P$5000))) -> 0 | N35: =IF(A35="","",IF(C35="","Set exp date",IF(AND(F35>=Requirements!B5,G35>=Requirements!B6,H35>=Requirements!B7,I35>=Requirements!B8,J35>=Requirements!B9,K35>=Requirements!B10,L35>=Requirements!B11,M35>=Requirements!B12),"Met","Short"))) -> Short | O35: =IF(OR(A35="",C35=""),"",IF(N35="Met","",IF(F35<Requirements!B5,Requirements!A5&" "&TEXT(Requirements!B5-F35,"0.##")&"; ","")&IF(G35<Requirements!B6,Requirements!A6&" "&TEXT(Requirements!B6-G35,"0.##")&"; ","")&IF(H35<Requirements!B7,Requirements!A7&" "&TEXT(Requirements!B7-H35,"0.##")&"; ","")&IF(I35<Requirements!B8,Requirements!A8&" "&TEXT(Requirements!B8-I35,"0.##")&"; ","")&IF(J35<Requirements!B9,Requirements!A9&" "&TEXT(Requirements!B9-J35,"0.##")&"; ","")&IF(K35<Requirements!B10,Requirements!A10&" "&TEXT(Requirements!B10-K35,"0.##")&"; ","")&IF(L35<Requirements!B11,Requirements!A11&" "&TEXT(Requirements!B11-L35,"0.##")&"; ","")&IF(M35<Requirements!B12,Requirements!A12&" "&TEXT(Requirements!B12-M35,"0.##")&"; ",""))) -> Airway 2.5; Cardiovascular 3.5; Medical 3; PAHT 1; SVAT 1; CPR/AED 1;
A36: Carver, Mark | B36: 1057145 | C36: 46752 | D36: =IF(C36="","",DATE(YEAR(C36)-1,1,1)) -> 46023 | E36: =IF(C36="","",DATE(YEAR(C36),12,31)) -> 46752 | F36: =IF(OR(A36="",C36=""),"",SUMPRODUCT(('Training Detail'!$A$5:$A$5000=A36)*('Training Detail'!$M$5:$M$5000=Standards!A2)*('Training Detail'!$G$5:$G$5000>=D36)*('Training Detail'!$G$5:$G$5000<=E36)*('Training Detail'!$P$5:$P$5000))) -> 0 | G36: =IF(OR(A36="",C36=""),"",SUMPRODUCT(('Training Detail'!$A$5:$A$5000=A36)*('Training Detail'!$M$5:$M$5000=Standards!A3)*('Training Detail'!$G$5:$G$5000>=D36)*('Training Detail'!$G$5:$G$5000<=E36)*('Training Detail'!$P$5:$P$5000))) -> 0 | H36: =IF(OR(A36="",C36=""),"",SUMPRODUCT(('Training Detail'!$A$5:$A$5000=A36)*('Training Detail'!$M$5:$M$5000=Standards!A4)*('Training Detail'!$G$5:$G$5000>=D36)*('Training Detail'!$G$5:$G$5000<=E36)*('Training Detail'!$P$5:$P$5000))) -> 5 | I36: =IF(OR(A36="",C36=""),"",SUMPRODUCT(('Training Detail'!$A$5:$A$5000=A36)*('Training Detail'!$M$5:$M$5000=Standards!A5)*('Training Detail'!$G$5:$G$5000>=D36)*('Training Detail'!$G$5:$G$5000<=E36)*('Training Detail'!$P$5:$P$5000))) -> 0 | J36: =IF(OR(A36="",C36=""),"",SUMPRODUCT(('Training Detail'!$A$5:$A$5000=A36)*('Training Detail'!$M$5:$M$5000=Standards!A6)*('Training Detail'!$G$5:$G$5000>=D36)*('Training Detail'!$G$5:$G$5000<=E36)*('Training Detail'!$P$5:$P$5000))) -> 1 | K36: =IF(OR(A36="",C36=""),"",SUMPRODUCT(('Training Detail'!$A$5:$A$5000=A36)*('Training Detail'!$M$5:$M$5000=Standards!A7)*('Training Detail'!$G$5:$G$5000>=D36)*('Training Detail'!$G$5:$G$5000<=E36)*('Training Detail'!$P$5:$P$5000))) -> 0 | L36: =IF(OR(A36="",C36=""),"",SUMPRODUCT(('Training Detail'!$A$5:$A$5000=A36)*('Training Detail'!$M$5:$M$5000=Standards!A8)*('Training Detail'!$G$5:$G$5000>=D36)*('Training Detail'!$G$5:$G$5000<=E36)*('Training Detail'!$P$5:$P$5000))) -> 0 | M36: =IF(OR(A36="",C36=""),"",SUMPRODUCT(('Training Detail'!$A$5:$A$5000=A36)*('Training Detail'!$M$5:$M$5000=Standards!A9)*('Training Detail'!$G$5:$G$5000>=D36)*('Training Detail'!$G$5:$G$5000<=E36)*('Training Detail'!$P$5:$P$5000))) -> 0 | N36: =IF(A36="","",IF(C36="","Set exp date",IF(AND(F36>=Requirements!B5,G36>=Requirements!B6,H36>=Requirements!B7,I36>=Requirements!B8,J36>=Requirements!B9,K36>=Requirements!B10,L36>=Requirements!B11,M36>=Requirements!B12),"Met","Short"))) -> Short | O36: =IF(OR(A36="",C36=""),"",IF(N36="Met","",IF(F36<Requirements!B5,Requirements!A5&" "&TEXT(Requirements!B5-F36,"0.##")&"; ","")&IF(G36<Requirements!B6,Requirements!A6&" "&TEXT(Requirements!B6-G36,"0.##")&"; ","")&IF(H36<Requirements!B7,Requirements!A7&" "&TEXT(Requirements!B7-H36,"0.##")&"; ","")&IF(I36<Requirements!B8,Requirements!A8&" "&TEXT(Requirements!B8-I36,"0.##")&"; ","")&IF(J36<Requirements!B9,Requirements!A9&" "&TEXT(Requirements!B9-J36,"0.##")&"; ","")&IF(K36<Requirements!B10,Requirements!A10&" "&TEXT(Requirements!B10-K36,"0.##")&"; ","")&IF(L36<Requirements!B11,Requirements!A11&" "&TEXT(Requirements!B11-L36,"0.##")&"; ","")&IF(M36<Requirements!B12,Requirements!A12&" "&TEXT(Requirements!B12-M36,"0.##")&"; ",""))) -> Airway 4; Cardiovascular 5; Medical 6; Operations 1; PAHT 1; SVAT 1; CPR/AED 1;
A37: Cassady, Drew | B37: 1109274 | C37: 46752 | D37: =IF(C37="","",DATE(YEAR(C37)-1,1,1)) -> 46023 | E37: =IF(C37="","",DATE(YEAR(C37),12,31)) -> 46752 | F37: =IF(OR(A37="",C37=""),"",SUMPRODUCT(('Training Detail'!$A$5:$A$5000=A37)*('Training Detail'!$M$5:$M$5000=Standards!A2)*('Training Detail'!$G$5:$G$5000>=D37)*('Training Detail'!$G$5:$G$5000<=E37)*('Training Detail'!$P$5:$P$5000))) -> 1.5 | G37: =IF(OR(A37="",C37=""),"",SUMPRODUCT(('Training Detail'!$A$5:$A$5000=A37)*('Training Detail'!$M$5:$M$5000=Standards!A3)*('Training Detail'!$G$5:$G$5000>=D37)*('Training Detail'!$G$5:$G$5000<=E37)*('Training Detail'!$P$5:$P$5000))) -> 0 | H37: =IF(OR(A37="",C37=""),"",SUMPRODUCT(('Training Detail'!$A$5:$A$5000=A37)*('Training Detail'!$M$5:$M$5000=Standards!A4)*('Training Detail'!$G$5:$G$5000>=D37)*('Training Detail'!$G$5:$G$5000<=E37)*('Training Detail'!$P$5:$P$5000))) -> 3 | I37: =IF(OR(A37="",C37=""),"",SUMPRODUCT(('Training Detail'!$A$5:$A$5000=A37)*('Training Detail'!$M$5:$M$5000=Standards!A5)*('Training Detail'!$G$5:$G$5000>=D37)*('Training Detail'!$G$5:$G$5000<=E37)*('Training Detail'!$P$5:$P$5000))) -> 1 | J37: =IF(OR(A37="",C37=""),"",SUMPRODUCT(('Training Detail'!$A$5:$A$5000=A37)*('Training Detail'!$M$5:$M$5000=Standards!A6)*('Training Detail'!$G$5:$G$5000>=D37)*('Training Detail'!$G$5:$G$5000<=E37)*('Training Detail'!$P$5:$P$5000))) -> 7.5 | K37: =IF(OR(A37="",C37=""),"",SUMPRODUCT(('Training Detail'!$A$5:$A$5000=A37)*('Training Detail'!$M$5:$M$5000=Standards!A7)*('Training Detail'!$G$5:$G$5000>=D37)*('Training Detail'!$G$5:$G$5000<=E37)*('Training Detail'!$P$5:$P$5000))) -> 0 | L37: =IF(OR(A37="",C37=""),"",SUMPRODUCT(('Training Detail'!$A$5:$A$5000=A37)*('Training Detail'!$M$5:$M$5000=Standards!A8)*('Training Detail'!$G$5:$G$5000>=D37)*('Training Detail'!$G$5:$G$5000<=E37)*('Training Detail'!$P$5:$P$5000))) -> 0 | M37: =IF(OR(A37="",C37=""),"",SUMPRODUCT(('Training Detail'!$A$5:$A$5000=A37)*('Training Detail'!$M$5:$M$5000=Standards!A9)*('Training Detail'!$G$5:$G$5000>=D37)*('Training Detail'!$G$5:$G$5000<=E37)*('Training Detail'!$P$5:$P$5000))) -> 0 | N37: =IF(A37="","",IF(C37="","Set exp date",IF(AND(F37>=Requirements!B5,G37>=Requirements!B6,H37>=Requirements!B7,I37>=Requirements!B8,J37>=Requirements!B9,K37>=Requirements!B10,L37>=Requirements!B11,M37>=Requirements!B12),"Met","Short"))) -> Short | O37: =IF(OR(A37="",C37=""),"",IF(N37="Met","",IF(F37<Requirements!B5,Requirements!A5&" "&TEXT(Requirements!B5-F37,"0.##")&"; ","")&IF(G37<Requirements!B6,Requirements!A6&" "&TEXT(Requirements!B6-G37,"0.##")&"; ","")&IF(H37<Requirements!B7,Requirements!A7&" "&TEXT(Requirements!B7-H37,"0.##")&"; ","")&IF(I37<Requirements!B8,Requirements!A8&" "&TEXT(Requirements!B8-I37,"0.##")&"; ","")&IF(J37<Requirements!B9,Requirements!A9&" "&TEXT(Requirements!B9-J37,"0.##")&"; ","")&IF(K37<Requirements!B10,Requirements!A10&" "&TEXT(Requirements!B10-K37,"0.##")&"; ","")&IF(L37<Requirements!B11,Requirements!A11&" "&TEXT(Requirements!B11-L37,"0.##")&"; ","")&IF(M37<Requirements!B12,Requirements!A12&" "&TEXT(Requirements!B12-M37,"0.##")&"; ",""))) -> Airway 2.5; Cardiovascular 5; Medical 5; PAHT 1; SVAT 1; CPR/AED 1;
A38: Chambers, Brian | B38: 1050790 | C38: 46752 | D38: =IF(C38="","",DATE(YEAR(C38)-1,1,1)) -> 46023 | E38: =IF(C38="","",DATE(YEAR(C38),12,31)) -> 46752 | F38: =IF(OR(A38="",C38=""),"",SUMPRODUCT(('Training Detail'!$A$5:$A$5000=A38)*('Training Detail'!$M$5:$M$5000=Standards!A2)*('Training Detail'!$G$5:$G$5000>=D38)*('Training Detail'!$G$5:$G$5000<=E38)*('Training Detail'!$P$5:$P$5000))) -> 0 | G38: =IF(OR(A38="",C38=""),"",SUMPRODUCT(('Training Detail'!$A$5:$A$5000=A38)*('Training Detail'!$M$5:$M$5000=Standards!A3)*('Training Detail'!$G$5:$G$5000>=D38)*('Training Detail'!$G$5:$G$5000<=E38)*('Training Detail'!$P$5:$P$5000))) -> 0 | H38: =IF(OR(A38="",C38=""),"",SUMPRODUCT(('Training Detail'!$A$5:$A$5000=A38)*('Training Detail'!$M$5:$M$5000=Standards!A4)*('Training Detail'!$G$5:$G$5000>=D38)*('Training Detail'!$G$5:$G$5000<=E38)*('Training Detail'!$P$5:$P$5000))) -> 3 | I38: =IF(OR(A38="",C38=""),"",SUMPRODUCT(('Training Detail'!$A$5:$A$5000=A38)*('Training Detail'!$M$5:$M$5000=Standards!A5)*('Training Detail'!$G$5:$G$5000>=D38)*('Training Detail'!$G$5:$G$5000<=E38)*('Training Detail'!$P$5:$P$5000))) -> 0 | J38: =IF(OR(A38="",C38=""),"",SUMPRODUCT(('Training Detail'!$A$5:$A$5000=A38)*('Training Detail'!$M$5:$M$5000=Standards!A6)*('Training Detail'!$G$5:$G$5000>=D38)*('Training Detail'!$G$5:$G$5000<=E38)*('Training Detail'!$P$5:$P$5000))) -> 0 | K38: =IF(OR(A38="",C38=""),"",SUMPRODUCT(('Training Detail'!$A$5:$A$5000=A38)*('Training Detail'!$M$5:$M$5000=Standards!A7)*('Training Detail'!$G$5:$G$5000>=D38)*('Training Detail'!$G$5:$G$5000<=E38)*('Training Detail'!$P$5:$P$5000))) -> 1 | L38: =IF(OR(A38="",C38=""),"",SUMPRODUCT(('Training Detail'!$A$5:$A$5000=A38)*('Training Detail'!$M$5:$M$5000=Standards!A8)*('Training Detail'!$G$5:$G$5000>=D38)*('Training Detail'!$G$5:$G$5000<=E38)*('Training Detail'!$P$5:$P$5000))) -> 0 | M38: =IF(OR(A38="",C38=""),"",SUMPRODUCT(('Training Detail'!$A$5:$A$5000=A38)*('Training Detail'!$M$5:$M$5000=Standards!A9)*('Training Detail'!$G$5:$G$5000>=D38)*('Training Detail'!$G$5:$G$5000<=E38)*('Training Detail'!$P$5:$P$5000))) -> 0 | N38: =IF(A38="","",IF(C38="","Set exp date",IF(AND(F38>=Requirements!B5,G38>=Requirements!B6,H38>=Requirements!B7,I38>=Requirements!B8,J38>=Requirements!B9,K38>=Requirements!B10,L38>=Requirements!B11,M38>=Requirements!B12),"Met","Short"))) -> Short | O38: =IF(OR(A38="",C38=""),"",IF(N38="Met","",IF(F38<Requirements!B5,Requirements!A5&" "&TEXT(Requirements!B5-F38,"0.##")&"; ","")&IF(G38<Requirements!B6,Requirements!A6&" "&TEXT(Requirements!B6-G38,"0.##")&"; ","")&IF(H38<Requirements!B7,Requirements!A7&" "&TEXT(Requirements!B7-H38,"0.##")&"; ","")&IF(I38<Requirements!B8,Requirements!A8&" "&TEXT(Requirements!B8-I38,"0.##")&"; ","")&IF(J38<Requirements!B9,Requirements!A9&" "&TEXT(Requirements!B9-J38,"0.##")&"; ","")&IF(K38<Requirements!B10,Requirements!A10&" "&TEXT(Requirements!B10-K38,"0.##")&"; ","")&IF(L38<Requirements!B11,Requirements!A11&" "&TEXT(Requirements!B11-L38,"0.##")&"; ","")&IF(M38<Requirements!B12,Requirements!A12&" "&TEXT(Requirements!B12-M38,"0.##")&"; ",""))) -> Airway 4; Cardiovascular 5; Medical 6; Operations 2; SVAT 1; CPR/AED 1;
A39: Chandler, Bryce | B39: 1128126 | C39: 46387 | D39: =IF(C39="","",DATE(YEAR(C39)-1,1,1)) -> 45658 | E39: =IF(C39="","",DATE(YEAR(C39),12,31)) -> 46387 | F39: =IF(OR(A39="",C39=""),"",SUMPRODUCT(('Training Detail'!$A$5:$A$5000=A39)*('Training Detail'!$M$5:$M$5000=Standards!A2)*('Training Detail'!$G$5:$G$5000>=D39)*('Training Detail'!$G$5:$G$5000<=E39)*('Training Detail'!$P$5:$P$5000))) -> 0 | G39: =IF(OR(A39="",C39=""),"",SUMPRODUCT(('Training Detail'!$A$5:$A$5000=A39)*('Training Detail'!$M$5:$M$5000=Standards!A3)*('Training Detail'!$G$5:$G$5000>=D39)*('Training Detail'!$G$5:$G$5000<=E39)*('Training Detail'!$P$5:$P$5000))) -> 0 | H39: =IF(OR(A39="",C39=""),"",SUMPRODUCT(('Training Detail'!$A$5:$A$5000=A39)*('Training Detail'!$M$5:$M$5000=Standards!A4)*('Training Detail'!$G$5:$G$5000>=D39)*('Training Detail'!$G$5:$G$5000<=E39)*('Training Detail'!$P$5:$P$5000))) -> 7 | I39: =IF(OR(A39="",C39=""),"",SUMPRODUCT(('Training Detail'!$A$5:$A$5000=A39)*('Training Detail'!$M$5:$M$5000=Standards!A5)*('Training Detail'!$G$5:$G$5000>=D39)*('Training Detail'!$G$5:$G$5000<=E39)*('Training Detail'!$P$5:$P$5000))) -> 5 | J39: =IF(OR(A39="",C39=""),"",SUMPRODUCT(('Training Detail'!$A$5:$A$5000=A39)*('Training Detail'!$M$5:$M$5000=Standards!A6)*('Training Detail'!$G$5:$G$5000>=D39)*('Training Detail'!$G$5:$G$5000<=E39)*('Training Detail'!$P$5:$P$5000))) -> 1 | K39: =IF(OR(A39="",C39=""),"",SUMPRODUCT(('Training Detail'!$A$5:$A$5000=A39)*('Training Detail'!$M$5:$M$5000=Standards!A7)*('Training Detail'!$G$5:$G$5000>=D39)*('Training Detail'!$G$5:$G$5000<=E39)*('Training Detail'!$P$5:$P$5000))) -> 0 | L39: =IF(OR(A39="",C39=""),"",SUMPRODUCT(('Training Detail'!$A$5:$A$5000=A39)*('Training Detail'!$M$5:$M$5000=Standards!A8)*('Training Detail'!$G$5:$G$5000>=D39)*('Training Detail'!$G$5:$G$5000<=E39)*('Training Detail'!$P$5:$P$5000))) -> 0 | M39: =IF(OR(A39="",C39=""),"",SUMPRODUCT(('Training Detail'!$A$5:$A$5000=A39)*('Training Detail'!$M$5:$M$5000=Standards!A9)*('Training Detail'!$G$5:$G$5000>=D39)*('Training Detail'!$G$5:$G$5000<=E39)*('Training Detail'!$P$5:$P$5000))) -> 0.5 | N39: =IF(A39="","",IF(C39="","Set exp date",IF(AND(F39>=Requirements!B5,G39>=Requirements!B6,H39>=Requirements!B7,I39>=Requirements!B8,J39>=Requirements!B9,K39>=Requirements!B10,L39>=Requirements!B11,M39>=Requirements!B12),"Met","Short"))) -> Short | O39: =IF(OR(A39="",C39=""),"",IF(N39="Met","",IF(F39<Requirements!B5,Requirements!A5&" "&TEXT(Requirements!B5-F39,"0.##")&"; ","")&IF(G39<Requirements!B6,Requirements!A6&" "&TEXT(Requirements!B6-G39,"0.##")&"; ","")&IF(H39<Requirements!B7,Requirements!A7&" "&TEXT(Requirements!B7-H39,"0.##")&"; ","")&IF(I39<Requirements!B8,Requirements!A8&" "&TEXT(Requirements!B8-I39,"0.##")&"; ","")&IF(J39<Requirements!B9,Requirements!A9&" "&TEXT(Requirements!B9-J39,"0.##")&"; ","")&IF(K39<Requirements!B10,Requirements!A10&" "&TEXT(Requirements!B10-K39,"0.##")&"; ","")&IF(L39<Requirements!B11,Requirements!A11&" "&TEXT(Requirements!B11-L39,"0.##")&"; ","")&IF(M39<Requirements!B12,Requirements!A12&" "&TEXT(Requirements!B12-M39,"0.##")&"; ",""))) -> Airway 4; Cardiovascular 5; Medical 1; Operations 1; PAHT 1; SVAT 1; CPR/AED 0.5;
A40: Chidester, John | B40: 1110324 | C40: 46752 | D40: =IF(C40="","",DATE(YEAR(C40)-1,1,1)) -> 46023 | E40: =IF(C40="","",DATE(YEAR(C40),12,31)) -> 46752 | F40: =IF(OR(A40="",C40=""),"",SUMPRODUCT(('Training Detail'!$A$5:$A$5000=A40)*('Training Detail'!$M$5:$M$5000=Standards!A2)*('Training Detail'!$G$5:$G$5000>=D40)*('Training Detail'!$G$5:$G$5000<=E40)*('Training Detail'!$P$5:$P$5000))) -> 0 | G40: =IF(OR(A40="",C40=""),"",SUMPRODUCT(('Training Detail'!$A$5:$A$5000=A40)*('Training Detail'!$M$5:$M$5000=Standards!A3)*('Training Detail'!$G$5:$G$5000>=D40)*('Training Detail'!$G$5:$G$5000<=E40)*('Training Detail'!$P$5:$P$5000))) -> 0 | H40: =IF(OR(A40="",C40=""),"",SUMPRODUCT(('Training Detail'!$A$5:$A$5000=A40)*('Training Detail'!$M$5:$M$5000=Standards!A4)*('Training Detail'!$G$5:$G$5000>=D40)*('Training Detail'!$G$5:$G$5000<=E40)*('Training Detail'!$P$5:$P$5000))) -> 5.5 | I40: =IF(OR(A40="",C40=""),"",SUMPRODUCT(('Training Detail'!$A$5:$A$5000=A40)*('Training Detail'!$M$5:$M$5000=Standards!A5)*('Training Detail'!$G$5:$G$5000>=D40)*('Training Detail'!$G$5:$G$5000<=E40)*('Training Detail'!$P$5:$P$5000))) -> 3 | J40: =IF(OR(A40="",C40=""),"",SUMPRODUCT(('Training Detail'!$A$5:$A$5000=A40)*('Training Detail'!$M$5:$M$5000=Standards!A6)*('Training Detail'!$G$5:$G$5000>=D40)*('Training Detail'!$G$5:$G$5000<=E40)*('Training Detail'!$P$5:$P$5000))) -> 2 | K40: =IF(OR(A40="",C40=""),"",SUMPRODUCT(('Training Detail'!$A$5:$A$5000=A40)*('Training Detail'!$M$5:$M$5000=Standards!A7)*('Training Detail'!$G$5:$G$5000>=D40)*('Training Detail'!$G$5:$G$5000<=E40)*('Training Detail'!$P$5:$P$5000))) -> 0 | L40: =IF(OR(A40="",C40=""),"",SUMPRODUCT(('Training Detail'!$A$5:$A$5000=A40)*('Training Detail'!$M$5:$M$5000=Standards!A8)*('Training Detail'!$G$5:$G$5000>=D40)*('Training Detail'!$G$5:$G$5000<=E40)*('Training Detail'!$P$5:$P$5000))) -> 0 | M40: =IF(OR(A40="",C40=""),"",SUMPRODUCT(('Training Detail'!$A$5:$A$5000=A40)*('Training Detail'!$M$5:$M$5000=Standards!A9)*('Training Detail'!$G$5:$G$5000>=D40)*('Training Detail'!$G$5:$G$5000<=E40)*('Training Detail'!$P$5:$P$5000))) -> 0 | N40: =IF(A40="","",IF(C40="","Set exp date",IF(AND(F40>=Requirements!B5,G40>=Requirements!B6,H40>=Requirements!B7,I40>=Requirements!B8,J40>=Requirements!B9,K40>=Requirements!B10,L40>=Requirements!B11,M40>=Requirements!B12),"Met","Short"))) -> Short | O40: =IF(OR(A40="",C40=""),"",IF(N40="Met","",IF(F40<Requirements!B5,Requirements!A5&" "&TEXT(Requirements!B5-F40,"0.##")&"; ","")&IF(G40<Requirements!B6,Requirements!A6&" "&TEXT(Requirements!B6-G40,"0.##")&"; ","")&IF(H40<Requirements!B7,Requirements!A7&" "&TEXT(Requirements!B7-H40,"0.##")&"; ","")&IF(I40<Requirements!B8,Requirements!A8&" "&TEXT(Requirements!B8-I40,"0.##")&"; ","")&IF(J40<Requirements!B9,Requirements!A9&" "&TEXT(Requirements!B9-J40,"0.##")&"; ","")&IF(K40<Requirements!B10,Requirements!A10&" "&TEXT(Requirements!B10-K40,"0.##")&"; ","")&IF(L40<Requirements!B11,Requirements!A11&" "&TEXT(Requirements!B11-L40,"0.##")&"; ","")&IF(M40<Requirements!B12,Requirements!A12&" "&TEXT(Requirements!B12-M40,"0.##")&"; ",""))) -> Airway 4; Cardiovascular 5; Medical 3; PAHT 1; SVAT 1; CPR/AED 1;
A41: Childress, Jarrid | B41: 1126349 | C41: 46387 | D41: =IF(C41="","",DATE(YEAR(C41)-1,1,1)) -> 45658 | E41: =IF(C41="","",DATE(YEAR(C41),12,31)) -> 46387 | F41: =IF(OR(A41="",C41=""),"",SUMPRODUCT(('Training Detail'!$A$5:$A$5000=A41)*('Training Detail'!$M$5:$M$5000=Standards!A2)*('Training Detail'!$G$5:$G$5000>=D41)*('Training Detail'!$G$5:$G$5000<=E41)*('Training Detail'!$P$5:$P$5000))) -> 0.5 | G41: =IF(OR(A41="",C41=""),"",SUMPRODUCT(('Training Detail'!$A$5:$A$5000=A41)*('Training Detail'!$M$5:$M$5000=Standards!A3)*('Training Detail'!$G$5:$G$5000>=D41)*('Training Detail'!$G$5:$G$5000<=E41)*('Training Detail'!$P$5:$P$5000))) -> 5 | H41: =IF(OR(A41="",C41=""),"",SUMPRODUCT(('Training Detail'!$A$5:$A$5000=A41)*('Training Detail'!$M$5:$M$5000=Standards!A4)*('Training Detail'!$G$5:$G$5000>=D41)*('Training Detail'!$G$5:$G$5000<=E41)*('Training Detail'!$P$5:$P$5000))) -> 7 | I41: =IF(OR(A41="",C41=""),"",SUMPRODUCT(('Training Detail'!$A$5:$A$5000=A41)*('Training Detail'!$M$5:$M$5000=Standards!A5)*('Training Detail'!$G$5:$G$5000>=D41)*('Training Detail'!$G$5:$G$5000<=E41)*('Training Detail'!$P$5:$P$5000))) -> 7.5 | J41: =IF(OR(A41="",C41=""),"",SUMPRODUCT(('Training Detail'!$A$5:$A$5000=A41)*('Training Detail'!$M$5:$M$5000=Standards!A6)*('Training Detail'!$G$5:$G$5000>=D41)*('Training Detail'!$G$5:$G$5000<=E41)*('Training Detail'!$P$5:$P$5000))) -> 3 | K41: =IF(OR(A41="",C41=""),"",SUMPRODUCT(('Training Detail'!$A$5:$A$5000=A41)*('Training Detail'!$M$5:$M$5000=Standards!A7)*('Training Detail'!$G$5:$G$5000>=D41)*('Training Detail'!$G$5:$G$5000<=E41)*('Training Detail'!$P$5:$P$5000))) -> 1 | L41: =IF(OR(A41="",C41=""),"",SUMPRODUCT(('Training Detail'!$A$5:$A$5000=A41)*('Training Detail'!$M$5:$M$5000=Standards!A8)*('Training Detail'!$G$5:$G$5000>=D41)*('Training Detail'!$G$5:$G$5000<=E41)*('Training Detail'!$P$5:$P$5000))) -> 1 | M41: =IF(OR(A41="",C41=""),"",SUMPRODUCT(('Training Detail'!$A$5:$A$5000=A41)*('Training Detail'!$M$5:$M$5000=Standards!A9)*('Training Detail'!$G$5:$G$5000>=D41)*('Training Detail'!$G$5:$G$5000<=E41)*('Training Detail'!$P$5:$P$5000))) -> 1 | N41: =IF(A41="","",IF(C41="","Set exp date",IF(AND(F41>=Requirements!B5,G41>=Requirements!B6,H41>=Requirements!B7,I41>=Requirements!B8,J41>=Requirements!B9,K41>=Requirements!B10,L41>=Requirements!B11,M41>=Requirements!B12),"Met","Short"))) -> Short | O41: =IF(OR(A41="",C41=""),"",IF(N41="Met","",IF(F41<Requirements!B5,Requirements!A5&" "&TEXT(Requirements!B5-F41,"0.##")&"; ","")&IF(G41<Requirements!B6,Requirements!A6&" "&TEXT(Requirements!B6-G41,"0.##")&"; ","")&IF(H41<Requirements!B7,Requirements!A7&" "&TEXT(Requirements!B7-H41,"0.##")&"; ","")&IF(I41<Requirements!B8,Requirements!A8&" "&TEXT(Requirements!B8-I41,"0.##")&"; ","")&IF(J41<Requirements!B9,Requirements!A9&" "&TEXT(Requirements!B9-J41,"0.##")&"; ","")&IF(K41<Requirements!B10,Requirements!A10&" "&TEXT(Requirements!B10-K41,"0.##")&"; ","")&IF(L41<Requirements!B11,Requirements!A11&" "&TEXT(Requirements!B11-L41,"0.##")&"; ","")&IF(M41<Requirements!B12,Requirements!A12&" "&TEXT(Requirements!B12-M41,"0.##")&"; ",""))) -> Airway 3.5;
A42: Clapp, Adam Bradley | B42: 1130588 | C42: 46752 | D42: =IF(C42="","",DATE(YEAR(C42)-1,1,1)) -> 46023 | E42: =IF(C42="","",DATE(YEAR(C42),12,31)) -> 46752 | F42: =IF(OR(A42="",C42=""),"",SUMPRODUCT(('Training Detail'!$A$5:$A$5000=A42)*('Training Detail'!$M$5:$M$5000=Standards!A2)*('Training Detail'!$G$5:$G$5000>=D42)*('Training Detail'!$G$5:$G$5000<=E42)*('Training Detail'!$P$5:$P$5000))) -> 0 | G42: =IF(OR(A42="",C42=""),"",SUMPRODUCT(('Training Detail'!$A$5:$A$5000=A42)*('Training Detail'!$M$5:$M$5000=Standards!A3)*('Training Detail'!$G$5:$G$5000>=D42)*('Training Detail'!$G$5:$G$5000<=E42)*('Training Detail'!$P$5:$P$5000))) -> 0 | H42: =IF(OR(A42="",C42=""),"",SUMPRODUCT(('Training Detail'!$A$5:$A$5000=A42)*('Training Detail'!$M$5:$M$5000=Standards!A4)*('Training Detail'!$G$5:$G$5000>=D42)*('Training Detail'!$G$5:$G$5000<=E42)*('Training Detail'!$P$5:$P$5000))) -> 3 | I42: =IF(OR(A42="",C42=""),"",SUMPRODUCT(('Training Detail'!$A$5:$A$5000=A42)*('Training Detail'!$M$5:$M$5000=Standards!A5)*('Training Detail'!$G$5:$G$5000>=D42)*('Training Detail'!$G$5:$G$5000<=E42)*('Training Detail'!$P$5:$P$5000))) -> 1 | J42: =IF(OR(A42="",C42=""),"",SUMPRODUCT(('Training Detail'!$A$5:$A$5000=A42)*('Training Detail'!$M$5:$M$5000=Standards!A6)*('Training Detail'!$G$5:$G$5000>=D42)*('Training Detail'!$G$5:$G$5000<=E42)*('Training Detail'!$P$5:$P$5000))) -> 1 | K42: =IF(OR(A42="",C42=""),"",SUMPRODUCT(('Training Detail'!$A$5:$A$5000=A42)*('Training Detail'!$M$5:$M$5000=Standards!A7)*('Training Detail'!$G$5:$G$5000>=D42)*('Training Detail'!$G$5:$G$5000<=E42)*('Training Detail'!$P$5:$P$5000))) -> 0 | L42: =IF(OR(A42="",C42=""),"",SUMPRODUCT(('Training Detail'!$A$5:$A$5000=A42)*('Training Detail'!$M$5:$M$5000=Standards!A8)*('Training Detail'!$G$5:$G$5000>=D42)*('Training Detail'!$G$5:$G$5000<=E42)*('Training Detail'!$P$5:$P$5000))) -> 0 | M42: =IF(OR(A42="",C42=""),"",SUMPRODUCT(('Training Detail'!$A$5:$A$5000=A42)*('Training Detail'!$M$5:$M$5000=Standards!A9)*('Training Detail'!$G$5:$G$5000>=D42)*('Training Detail'!$G$5:$G$5000<=E42)*('Training Detail'!$P$5:$P$5000))) -> 0 | N42: =IF(A42="","",IF(C42="","Set exp date",IF(AND(F42>=Requirements!B5,G42>=Requirements!B6,H42>=Requirements!B7,I42>=Requirements!B8,J42>=Requirements!B9,K42>=Requirements!B10,L42>=Requirements!B11,M42>=Requirements!B12),"Met","Short"))) -> Short | O42: =IF(OR(A42="",C42=""),"",IF(N42="Met","",IF(F42<Requirements!B5,Requirements!A5&" "&TEXT(Requirements!B5-F42,"0.##")&"; ","")&IF(G42<Requirements!B6,Requirements!A6&" "&TEXT(Requirements!B6-G42,"0.##")&"; ","")&IF(H42<Requirements!B7,Requirements!A7&" "&TEXT(Requirements!B7-H42,"0.##")&"; ","")&IF(I42<Requirements!B8,Requirements!A8&" "&TEXT(Requirements!B8-I42,"0.##")&"; ","")&IF(J42<Requirements!B9,Requirements!A9&" "&TEXT(Requirements!B9-J42,"0.##")&"; ","")&IF(K42<Requirements!B10,Requirements!A10&" "&TEXT(Requirements!B10-K42,"0.##")&"; ","")&IF(L42<Requirements!B11,Requirements!A11&" "&TEXT(Requirements!B11-L42,"0.##")&"; ","")&IF(M42<Requirements!B12,Requirements!A12&" "&TEXT(Requirements!B12-M42,"0.##")&"; ",""))) -> Airway 4; Cardiovascular 5; Medical 5; Operations 1; PAHT 1; SVAT 1; CPR/AED 1;
A43: Clark, Tim | B43: 1131188 | C43: 46752 | D43: =IF(C43="","",DATE(YEAR(C43)-1,1,1)) -> 46023 | E43: =IF(C43="","",DATE(YEAR(C43),12,31)) -> 46752 | F43: =IF(OR(A43="",C43=""),"",SUMPRODUCT(('Training Detail'!$A$5:$A$5000=A43)*('Training Detail'!$M$5:$M$5000=Standards!A2)*('Training Detail'!$G$5:$G$5000>=D43)*('Training Detail'!$G$5:$G$5000<=E43)*('Training Detail'!$P$5:$P$5000))) -> 0 | G43: =IF(OR(A43="",C43=""),"",SUMPRODUCT(('Training Detail'!$A$5:$A$5000=A43)*('Training Detail'!$M$5:$M$5000=Standards!A3)*('Training Detail'!$G$5:$G$5000>=D43)*('Training Detail'!$G$5:$G$5000<=E43)*('Training Detail'!$P$5:$P$5000))) -> 0 | H43: =IF(OR(A43="",C43=""),"",SUMPRODUCT(('Training Detail'!$A$5:$A$5000=A43)*('Training Detail'!$M$5:$M$5000=Standards!A4)*('Training Detail'!$G$5:$G$5000>=D43)*('Training Detail'!$G$5:$G$5000<=E43)*('Training Detail'!$P$5:$P$5000))) -> 2 | I43: =IF(OR(A43="",C43=""),"",SUMPRODUCT(('Training Detail'!$A$5:$A$5000=A43)*('Training Detail'!$M$5:$M$5000=Standards!A5)*('Training Detail'!$G$5:$G$5000>=D43)*('Training Detail'!$G$5:$G$5000<=E43)*('Training Detail'!$P$5:$P$5000))) -> 1 | J43: =IF(OR(A43="",C43=""),"",SUMPRODUCT(('Training Detail'!$A$5:$A$5000=A43)*('Training Detail'!$M$5:$M$5000=Standards!A6)*('Training Detail'!$G$5:$G$5000>=D43)*('Training Detail'!$G$5:$G$5000<=E43)*('Training Detail'!$P$5:$P$5000))) -> 0 | K43: =IF(OR(A43="",C43=""),"",SUMPRODUCT(('Training Detail'!$A$5:$A$5000=A43)*('Training Detail'!$M$5:$M$5000=Standards!A7)*('Training Detail'!$G$5:$G$5000>=D43)*('Training Detail'!$G$5:$G$5000<=E43)*('Training Detail'!$P$5:$P$5000))) -> 0 | L43: =IF(OR(A43="",C43=""),"",SUMPRODUCT(('Training Detail'!$A$5:$A$5000=A43)*('Training Detail'!$M$5:$M$5000=Standards!A8)*('Training Detail'!$G$5:$G$5000>=D43)*('Training Detail'!$G$5:$G$5000<=E43)*('Training Detail'!$P$5:$P$5000))) -> 0 | M43: =IF(OR(A43="",C43=""),"",SUMPRODUCT(('Training Detail'!$A$5:$A$5000=A43)*('Training Detail'!$M$5:$M$5000=Standards!A9)*('Training Detail'!$G$5:$G$5000>=D43)*('Training Detail'!$G$5:$G$5000<=E43)*('Training Detail'!$P$5:$P$5000))) -> 0 | N43: =IF(A43="","",IF(C43="","Set exp date",IF(AND(F43>=Requirements!B5,G43>=Requirements!B6,H43>=Requirements!B7,I43>=Requirements!B8,J43>=Requirements!B9,K43>=Requirements!B10,L43>=Requirements!B11,M43>=Requirements!B12),"Met","Short"))) -> Short | O43: =IF(OR(A43="",C43=""),"",IF(N43="Met","",IF(F43<Requirements!B5,Requirements!A5&" "&TEXT(Requirements!B5-F43,"0.##")&"; ","")&IF(G43<Requirements!B6,Requirements!A6&" "&TEXT(Requirements!B6-G43,"0.##")&"; ","")&IF(H43<Requirements!B7,Requirements!A7&" "&TEXT(Requirements!B7-H43,"0.##")&"; ","")&IF(I43<Requirements!B8,Requirements!A8&" "&TEXT(Requirements!B8-I43,"0.##")&"; ","")&IF(J43<Requirements!B9,Requirements!A9&" "&TEXT(Requirements!B9-J43,"0.##")&"; ","")&IF(K43<Requirements!B10,Requirements!A10&" "&TEXT(Requirements!B10-K43,"0.##")&"; ","")&IF(L43<Requirements!B11,Requirements!A11&" "&TEXT(Requirements!B11-L43,"0.##")&"; ","")&IF(M43<Requirements!B12,Requirements!A12&" "&TEXT(Requirements!B12-M43,"0.##")&"; ",""))) -> Airway 4; Cardiovascular 5; Trauma 1; Medical 5; Operations 2; PAHT 1; SVAT 1; CPR/AED 1;
A44: Cline, Brandon | B44: 1127192 | C44: 46752 | D44: =IF(C44="","",DATE(YEAR(C44)-1,1,1)) -> 46023 | E44: =IF(C44="","",DATE(YEAR(C44),12,31)) -> 46752 | F44: =IF(OR(A44="",C44=""),"",SUMPRODUCT(('Training Detail'!$A$5:$A$5000=A44)*('Training Detail'!$M$5:$M$5000=Standards!A2)*('Training Detail'!$G$5:$G$5000>=D44)*('Training Detail'!$G$5:$G$5000<=E44)*('Training Detail'!$P$5:$P$5000))) -> 0 | G44: =IF(OR(A44="",C44=""),"",SUMPRODUCT(('Training Detail'!$A$5:$A$5000=A44)*('Training Detail'!$M$5:$M$5000=Standards!A3)*('Training Detail'!$G$5:$G$5000>=D44)*('Training Detail'!$G$5:$G$5000<=E44)*('Training Detail'!$P$5:$P$5000))) -> 0 | H44: =IF(OR(A44="",C44=""),"",SUMPRODUCT(('Training Detail'!$A$5:$A$5000=A44)*('Training Detail'!$M$5:$M$5000=Standards!A4)*('Training Detail'!$G$5:$G$5000>=D44)*('Training Detail'!$G$5:$G$5000<=E44)*('Training Detail'!$P$5:$P$5000))) -> 2 | I44: =IF(OR(A44="",C44=""),"",SUMPRODUCT(('Training Detail'!$A$5:$A$5000=A44)*('Training Detail'!$M$5:$M$5000=Standards!A5)*('Training Detail'!$G$5:$G$5000>=D44)*('Training Detail'!$G$5:$G$5000<=E44)*('Training Detail'!$P$5:$P$5000))) -> 3 | J44: =IF(OR(A44="",C44=""),"",SUMPRODUCT(('Training Detail'!$A$5:$A$5000=A44)*('Training Detail'!$M$5:$M$5000=Standards!A6)*('Training Detail'!$G$5:$G$5000>=D44)*('Training Detail'!$G$5:$G$5000<=E44)*('Training Detail'!$P$5:$P$5000))) -> 1 | K44: =IF(OR(A44="",C44=""),"",SUMPRODUCT(('Training Detail'!$A$5:$A$5000=A44)*('Training Detail'!$M$5:$M$5000=Standards!A7)*('Training Detail'!$G$5:$G$5000>=D44)*('Training Detail'!$G$5:$G$5000<=E44)*('Training Detail'!$P$5:$P$5000))) -> 0 | L44: =IF(OR(A44="",C44=""),"",SUMPRODUCT(('Training Detail'!$A$5:$A$5000=A44)*('Training Detail'!$M$5:$M$5000=Standards!A8)*('Training Detail'!$G$5:$G$5000>=D44)*('Training Detail'!$G$5:$G$5000<=E44)*('Training Detail'!$P$5:$P$5000))) -> 0 | M44: =IF(OR(A44="",C44=""),"",SUMPRODUCT(('Training Detail'!$A$5:$A$5000=A44)*('Training Detail'!$M$5:$M$5000=Standards!A9)*('Training Detail'!$G$5:$G$5000>=D44)*('Training Detail'!$G$5:$G$5000<=E44)*('Training Detail'!$P$5:$P$5000))) -> 0 | N44: =IF(A44="","",IF(C44="","Set exp date",IF(AND(F44>=Requirements!B5,G44>=Requirements!B6,H44>=Requirements!B7,I44>=Requirements!B8,J44>=Requirements!B9,K44>=Requirements!B10,L44>=Requirements!B11,M44>=Requirements!B12),"Met","Short"))) -> Short | O44: =IF(OR(A44="",C44=""),"",IF(N44="Met","",IF(F44<Requirements!B5,Requirements!A5&" "&TEXT(Requirements!B5-F44,"0.##")&"; ","")&IF(G44<Requirements!B6,Requirements!A6&" "&TEXT(Requirements!B6-G44,"0.##")&"; ","")&IF(H44<Requirements!B7,Requirements!A7&" "&TEXT(Requirements!B7-H44,"0.##")&"; ","")&IF(I44<Requirements!B8,Requirements!A8&" "&TEXT(Requirements!B8-I44,"0.##")&"; ","")&IF(J44<Requirements!B9,Requirements!A9&" "&TEXT(Requirements!B9-J44,"0.##")&"; ","")&IF(K44<Requirements!B10,Requirements!A10&" "&TEXT(Requirements!B10-K44,"0.##")&"; ","")&IF(L44<Requirements!B11,Requirements!A11&" "&TEXT(Requirements!B11-L44,"0.##")&"; ","")&IF(M44<Requirements!B12,Requirements!A12&" "&TEXT(Requirements!B12-M44,"0.##")&"; ",""))) -> Airway 4; Cardiovascular 5; Trauma 1; Medical 3; Operations 1; PAHT 1; SVAT 1; CPR/AED 1;
A45: Compton, Dominique Martez | B45: 1130567 | C45: 46752 | D45: =IF(C45="","",DATE(YEAR(C45)-1,1,1)) -> 46023 | E45: =IF(C45="","",DATE(YEAR(C45),12,31)) -> 46752 | F45: =IF(OR(A45="",C45=""),"",SUMPRODUCT(('Training Detail'!$A$5:$A$5000=A45)*('Training Detail'!$M$5:$M$5000=Standards!A2)*('Training Detail'!$G$5:$G$5000>=D45)*('Training Detail'!$G$5:$G$5000<=E45)*('Training Detail'!$P$5:$P$5000))) -> 1 | G45: =IF(OR(A45="",C45=""),"",SUMPRODUCT(('Training Detail'!$A$5:$A$5000=A45)*('Training Detail'!$M$5:$M$5000=Standards!A3)*('Training Detail'!$G$5:$G$5000>=D45)*('Training Detail'!$G$5:$G$5000<=E45)*('Training Detail'!$P$5:$P$5000))) -> 1 | H45: =IF(OR(A45="",C45=""),"",SUMPRODUCT(('Training Detail'!$A$5:$A$5000=A45)*('Training Detail'!$M$5:$M$5000=Standards!A4)*('Training Detail'!$G$5:$G$5000>=D45)*('Training Detail'!$G$5:$G$5000<=E45)*('Training Detail'!$P$5:$P$5000))) -> 3 | I45: =IF(OR(A45="",C45=""),"",SUMPRODUCT(('Training Detail'!$A$5:$A$5000=A45)*('Training Detail'!$M$5:$M$5000=Standards!A5)*('Training Detail'!$G$5:$G$5000>=D45)*('Training Detail'!$G$5:$G$5000<=E45)*('Training Detail'!$P$5:$P$5000))) -> 3 | J45: =IF(OR(A45="",C45=""),"",SUMPRODUCT(('Training Detail'!$A$5:$A$5000=A45)*('Training Detail'!$M$5:$M$5000=Standards!A6)*('Training Detail'!$G$5:$G$5000>=D45)*('Training Detail'!$G$5:$G$5000<=E45)*('Training Detail'!$P$5:$P$5000))) -> 1 | K45: =IF(OR(A45="",C45=""),"",SUMPRODUCT(('Training Detail'!$A$5:$A$5000=A45)*('Training Detail'!$M$5:$M$5000=Standards!A7)*('Training Detail'!$G$5:$G$5000>=D45)*('Training Detail'!$G$5:$G$5000<=E45)*('Training Detail'!$P$5:$P$5000))) -> 0 | L45: =IF(OR(A45="",C45=""),"",SUMPRODUCT(('Training Detail'!$A$5:$A$5000=A45)*('Training Detail'!$M$5:$M$5000=Standards!A8)*('Training Detail'!$G$5:$G$5000>=D45)*('Training Detail'!$G$5:$G$5000<=E45)*('Training Detail'!$P$5:$P$5000))) -> 0 | M45: =IF(OR(A45="",C45=""),"",SUMPRODUCT(('Training Detail'!$A$5:$A$5000=A45)*('Training Detail'!$M$5:$M$5000=Standards!A9)*('Training Detail'!$G$5:$G$5000>=D45)*('Training Detail'!$G$5:$G$5000<=E45)*('Training Detail'!$P$5:$P$5000))) -> 0 | N45: =IF(A45="","",IF(C45="","Set exp date",IF(AND(F45>=Requirements!B5,G45>=Requirements!B6,H45>=Requirements!B7,I45>=Requirements!B8,J45>=Requirements!B9,K45>=Requirements!B10,L45>=Requirements!B11,M45>=Requirements!B12),"Met","Short"))) -> Short | O45: =IF(OR(A45="",C45=""),"",IF(N45="Met","",IF(F45<Requirements!B5,Requirements!A5&" "&TEXT(Requirements!B5-F45,"0.##")&"; ","")&IF(G45<Requirements!B6,Requirements!A6&" "&TEXT(Requirements!B6-G45,"0.##")&"; ","")&IF(H45<Requirements!B7,Requirements!A7&" "&TEXT(Requirements!B7-H45,"0.##")&"; ","")&IF(I45<Requirements!B8,Requirements!A8&" "&TEXT(Requirements!B8-I45,"0.##")&"; ","")&IF(J45<Requirements!B9,Requirements!A9&" "&TEXT(Requirements!B9-J45,"0.##")&"; ","")&IF(K45<Requirements!B10,Requirements!A10&" "&TEXT(Requirements!B10-K45,"0.##")&"; ","")&IF(L45<Requirements!B11,Requirements!A11&" "&TEXT(Requirements!B11-L45,"0.##")&"; ","")&IF(M45<Requirements!B12,Requirements!A12&" "&TEXT(Requirements!B12-M45,"0.##")&"; ",""))) -> Airway 3; Cardiovascular 4; Medical 3; Operations 1; PAHT 1; SVAT 1; CPR/AED 1;
A46: Conner, Austin | D46: =IF(C46="","",DATE(YEAR(C46)-1,1,1)) | E46: =IF(C46="","",DATE(YEAR(C46),12,31)) | F46: =IF(OR(A46="",C46=""),"",SUMPRODUCT(('Training Detail'!$A$5:$A$5000=A46)*('Training Detail'!$M$5:$M$5000=Standards!A2)*('Training Detail'!$G$5:$G$5000>=D46)*('Training Detail'!$G$5:$G$5000<=E46)*('Training Detail'!$P$5:$P$5000))) | G46: =IF(OR(A46="",C46=""),"",SUMPRODUCT(('Training Detail'!$A$5:$A$5000=A46)*('Training Detail'!$M$5:$M$5000=Standards!A3)*('Training Detail'!$G$5:$G$5000>=D46)*('Training Detail'!$G$5:$G$5000<=E46)*('Training Detail'!$P$5:$P$5000))) | H46: =IF(OR(A46="",C46=""),"",SUMPRODUCT(('Training Detail'!$A$5:$A$5000=A46)*('Training Detail'!$M$5:$M$5000=Standards!A4)*('Training Detail'!$G$5:$G$5000>=D46)*('Training Detail'!$G$5:$G$5000<=E46)*('Training Detail'!$P$5:$P$5000))) | I46: =IF(OR(A46="",C46=""),"",SUMPRODUCT(('Training Detail'!$A$5:$A$5000=A46)*('Training Detail'!$M$5:$M$5000=Standards!A5)*('Training Detail'!$G$5:$G$5000>=D46)*('Training Detail'!$G$5:$G$5000<=E46)*('Training Detail'!$P$5:$P$5000))) | J46: =IF(OR(A46="",C46=""),"",SUMPRODUCT(('Training Detail'!$A$5:$A$5000=A46)*('Training Detail'!$M$5:$M$5000=Standards!A6)*('Training Detail'!$G$5:$G$5000>=D46)*('Training Detail'!$G$5:$G$5000<=E46)*('Training Detail'!$P$5:$P$5000))) | K46: =IF(OR(A46="",C46=""),"",SUMPRODUCT(('Training Detail'!$A$5:$A$5000=A46)*('Training Detail'!$M$5:$M$5000=Standards!A7)*('Training Detail'!$G$5:$G$5000>=D46)*('Training Detail'!$G$5:$G$5000<=E46)*('Training Detail'!$P$5:$P$5000))) | L46: =IF(OR(A46="",C46=""),"",SUMPRODUCT(('Training Detail'!$A$5:$A$5000=A46)*('Training Detail'!$M$5:$M$5000=Standards!A8)*('Training Detail'!$G$5:$G$5000>=D46)*('Training Detail'!$G$5:$G$5000<=E46)*('Training Detail'!$P$5:$P$5000))) | M46: =IF(OR(A46="",C46=""),"",SUMPRODUCT(('Training Detail'!$A$5:$A$5000=A46)*('Training Detail'!$M$5:$M$5000=Standards!A9)*('Training Detail'!$G$5:$G$5000>=D46)*('Training Detail'!$G$5:$G$5000<=E46)*('Training Detail'!$P$5:$P$5000))) | N46: =IF(A46="","",IF(C46="","Set exp date",IF(AND(F46>=Requirements!B5,G46>=Requirements!B6,H46>=Requirements!B7,I46>=Requirements!B8,J46>=Requirements!B9,K46>=Requirements!B10,L46>=Requirements!B11,M46>=Requirements!B12),"Met","Short"))) -> Set exp date | O46: =IF(OR(A46="",C46=""),"",IF(N46="Met","",IF(F46<Requirements!B5,Requirements!A5&" "&TEXT(Requirements!B5-F46,"0.##")&"; ","")&IF(G46<Requirements!B6,Requirements!A6&" "&TEXT(Requirements!B6-G46,"0.##")&"; ","")&IF(H46<Requirements!B7,Requirements!A7&" "&TEXT(Requirements!B7-H46,"0.##")&"; ","")&IF(I46<Requirements!B8,Requirements!A8&" "&TEXT(Requirements!B8-I46,"0.##")&"; ","")&IF(J46<Requirements!B9,Requirements!A9&" "&TEXT(Requirements!B9-J46,"0.##")&"; ","")&IF(K46<Requirements!B10,Requirements!A10&" "&TEXT(Requirements!B10-K46,"0.##")&"; ","")&IF(L46<Requirements!B11,Requirements!A11&" "&TEXT(Requirements!B11-L46,"0.##")&"; ","")&IF(M46<Requirements!B12,Requirements!A12&" "&TEXT(Requirements!B12-M46,"0.##")&"; ","")))
A47: Conrad, Joseph Hall | D47: =IF(C47="","",DATE(YEAR(C47)-1,1,1)) | E47: =IF(C47="","",DATE(YEAR(C47),12,31)) | F47: =IF(OR(A47="",C47=""),"",SUMPRODUCT(('Training Detail'!$A$5:$A$5000=A47)*('Training Detail'!$M$5:$M$5000=Standards!A2)*('Training Detail'!$G$5:$G$5000>=D47)*('Training Detail'!$G$5:$G$5000<=E47)*('Training Detail'!$P$5:$P$5000))) | G47: =IF(OR(A47="",C47=""),"",SUMPRODUCT(('Training Detail'!$A$5:$A$5000=A47)*('Training Detail'!$M$5:$M$5000=Standards!A3)*('Training Detail'!$G$5:$G$5000>=D47)*('Training Detail'!$G$5:$G$5000<=E47)*('Training Detail'!$P$5:$P$5000))) | H47: =IF(OR(A47="",C47=""),"",SUMPRODUCT(('Training Detail'!$A$5:$A$5000=A47)*('Training Detail'!$M$5:$M$5000=Standards!A4)*('Training Detail'!$G$5:$G$5000>=D47)*('Training Detail'!$G$5:$G$5000<=E47)*('Training Detail'!$P$5:$P$5000))) | I47: =IF(OR(A47="",C47=""),"",SUMPRODUCT(('Training Detail'!$A$5:$A$5000=A47)*('Training Detail'!$M$5:$M$5000=Standards!A5)*('Training Detail'!$G$5:$G$5000>=D47)*('Training Detail'!$G$5:$G$5000<=E47)*('Training Detail'!$P$5:$P$5000))) | J47: =IF(OR(A47="",C47=""),"",SUMPRODUCT(('Training Detail'!$A$5:$A$5000=A47)*('Training Detail'!$M$5:$M$5000=Standards!A6)*('Training Detail'!$G$5:$G$5000>=D47)*('Training Detail'!$G$5:$G$5000<=E47)*('Training Detail'!$P$5:$P$5000))) | K47: =IF(OR(A47="",C47=""),"",SUMPRODUCT(('Training Detail'!$A$5:$A$5000=A47)*('Training Detail'!$M$5:$M$5000=Standards!A7)*('Training Detail'!$G$5:$G$5000>=D47)*('Training Detail'!$G$5:$G$5000<=E47)*('Training Detail'!$P$5:$P$5000))) | L47: =IF(OR(A47="",C47=""),"",SUMPRODUCT(('Training Detail'!$A$5:$A$5000=A47)*('Training Detail'!$M$5:$M$5000=Standards!A8)*('Training Detail'!$G$5:$G$5000>=D47)*('Training Detail'!$G$5:$G$5000<=E47)*('Training Detail'!$P$5:$P$5000))) | M47: =IF(OR(A47="",C47=""),"",SUMPRODUCT(('Training Detail'!$A$5:$A$5000=A47)*('Training Detail'!$M$5:$M$5000=Standards!A9)*('Training Detail'!$G$5:$G$5000>=D47)*('Training Detail'!$G$5:$G$5000<=E47)*('Training Detail'!$P$5:$P$5000))) | N47: =IF(A47="","",IF(C47="","Set exp date",IF(AND(F47>=Requirements!B5,G47>=Requirements!B6,H47>=Requirements!B7,I47>=Requirements!B8,J47>=Requirements!B9,K47>=Requirements!B10,L47>=Requirements!B11,M47>=Requirements!B12),"Met","Short"))) -> Set exp date | O47: =IF(OR(A47="",C47=""),"",IF(N47="Met","",IF(F47<Requirements!B5,Requirements!A5&" "&TEXT(Requirements!B5-F47,"0.##")&"; ","")&IF(G47<Requirements!B6,Requirements!A6&" "&TEXT(Requirements!B6-G47,"0.##")&"; ","")&IF(H47<Requirements!B7,Requirements!A7&" "&TEXT(Requirements!B7-H47,"0.##")&"; ","")&IF(I47<Requirements!B8,Requirements!A8&" "&TEXT(Requirements!B8-I47,"0.##")&"; ","")&IF(J47<Requirements!B9,Requirements!A9&" "&TEXT(Requirements!B9-J47,"0.##")&"; ","")&IF(K47<Requirements!B10,Requirements!A10&" "&TEXT(Requirements!B10-K47,"0.##")&"; ","")&IF(L47<Requirements!B11,Requirements!A11&" "&TEXT(Requirements!B11-L47,"0.##")&"; ","")&IF(M47<Requirements!B12,Requirements!A12&" "&TEXT(Requirements!B12-M47,"0.##")&"; ","")))
A48: Cornwell, Michael | B48: 1058341 | C48: 46387 | D48: =IF(C48="","",DATE(YEAR(C48)-1,1,1)) -> 45658 | E48: =IF(C48="","",DATE(YEAR(C48),12,31)) -> 46387 | F48: =IF(OR(A48="",C48=""),"",SUMPRODUCT(('Training Detail'!$A$5:$A$5000=A48)*('Training Detail'!$M$5:$M$5000=Standards!A2)*('Training Detail'!$G$5:$G$5000>=D48)*('Training Detail'!$G$5:$G$5000<=E48)*('Training Detail'!$P$5:$P$5000))) -> 5.5 | G48: =IF(OR(A48="",C48=""),"",SUMPRODUCT(('Training Detail'!$A$5:$A$5000=A48)*('Training Detail'!$M$5:$M$5000=Standards!A3)*('Training Detail'!$G$5:$G$5000>=D48)*('Training Detail'!$G$5:$G$5000<=E48)*('Training Detail'!$P$5:$P$5000))) -> 6 | H48: =IF(OR(A48="",C48=""),"",SUMPRODUCT(('Training Detail'!$A$5:$A$5000=A48)*('Training Detail'!$M$5:$M$5000=Standards!A4)*('Training Detail'!$G$5:$G$5000>=D48)*('Training Detail'!$G$5:$G$5000<=E48)*('Training Detail'!$P$5:$P$5000))) -> 1 | I48: =IF(OR(A48="",C48=""),"",SUMPRODUCT(('Training Detail'!$A$5:$A$5000=A48)*('Training Detail'!$M$5:$M$5000=Standards!A5)*('Training Detail'!$G$5:$G$5000>=D48)*('Training Detail'!$G$5:$G$5000<=E48)*('Training Detail'!$P$5:$P$5000))) -> 7 | J48: =IF(OR(A48="",C48=""),"",SUMPRODUCT(('Training Detail'!$A$5:$A$5000=A48)*('Training Detail'!$M$5:$M$5000=Standards!A6)*('Training Detail'!$G$5:$G$5000>=D48)*('Training Detail'!$G$5:$G$5000<=E48)*('Training Detail'!$P$5:$P$5000))) -> 5 | K48: =IF(OR(A48="",C48=""),"",SUMPRODUCT(('Training Detail'!$A$5:$A$5000=A48)*('Training Detail'!$M$5:$M$5000=Standards!A7)*('Training Detail'!$G$5:$G$5000>=D48)*('Training Detail'!$G$5:$G$5000<=E48)*('Training Detail'!$P$5:$P$5000))) -> 1 | L48: =IF(OR(A48="",C48=""),"",SUMPRODUCT(('Training Detail'!$A$5:$A$5000=A48)*('Training Detail'!$M$5:$M$5000=Standards!A8)*('Training Detail'!$G$5:$G$5000>=D48)*('Training Detail'!$G$5:$G$5000<=E48)*('Training Detail'!$P$5:$P$5000))) -> 0 | M48: =IF(OR(A48="",C48=""),"",SUMPRODUCT(('Training Detail'!$A$5:$A$5000=A48)*('Training Detail'!$M$5:$M$5000=Standards!A9)*('Training Detail'!$G$5:$G$5000>=D48)*('Training Detail'!$G$5:$G$5000<=E48)*('Training Detail'!$P$5:$P$5000))) -> 0 | N48: =IF(A48="","",IF(C48="","Set exp date",IF(AND(F48>=Requirements!B5,G48>=Requirements!B6,H48>=Requirements!B7,I48>=Requirements!B8,J48>=Requirements!B9,K48>=Requirements!B10,L48>=Requirements!B11,M48>=Requirements!B12),"Met","Short"))) -> Short | O48: =IF(OR(A48="",C48=""),"",IF(N48="Met","",IF(F48<Requirements!B5,Requirements!A5&" "&TEXT(Requirements!B5-F48,"0.##")&"; ","")&IF(G48<Requirements!B6,Requirements!A6&" "&TEXT(Requirements!B6-G48,"0.##")&"; ","")&IF(H48<Requirements!B7,Requirements!A7&" "&TEXT(Requirements!B7-H48,"0.##")&"; ","")&IF(I48<Requirements!B8,Requirements!A8&" "&TEXT(Requirements!B8-I48,"0.##")&"; ","")&IF(J48<Requirements!B9,Requirements!A9&" "&TEXT(Requirements!B9-J48,"0.##")&"; ","")&IF(K48<Requirements!B10,Requirements!A10&" "&TEXT(Requirements!B10-K48,"0.##")&"; ","")&IF(L48<Requirements!B11,Requirements!A11&" "&TEXT(Requirements!B11-L48,"0.##")&"; ","")&IF(M48<Requirements!B12,Requirements!A12&" "&TEXT(Requirements!B12-M48,"0.##")&"; ",""))) -> Trauma 2; SVAT 1; CPR/AED 1;
A49: Cowles, Ryan | B49: 1130295 | C49: 46752 | D49: =IF(C49="","",DATE(YEAR(C49)-1,1,1)) -> 46023 | E49: =IF(C49="","",DATE(YEAR(C49),12,31)) -> 46752 | F49: =IF(OR(A49="",C49=""),"",SUMPRODUCT(('Training Detail'!$A$5:$A$5000=A49)*('Training Detail'!$M$5:$M$5000=Standards!A2)*('Training Detail'!$G$5:$G$5000>=D49)*('Training Detail'!$G$5:$G$5000<=E49)*('Training Detail'!$P$5:$P$5000))) -> 1 | G49: =IF(OR(A49="",C49=""),"",SUMPRODUCT(('Training Detail'!$A$5:$A$5000=A49)*('Training Detail'!$M$5:$M$5000=Standards!A3)*('Training Detail'!$G$5:$G$5000>=D49)*('Training Detail'!$G$5:$G$5000<=E49)*('Training Detail'!$P$5:$P$5000))) -> 1 | H49: =IF(OR(A49="",C49=""),"",SUMPRODUCT(('Training Detail'!$A$5:$A$5000=A49)*('Training Detail'!$M$5:$M$5000=Standards!A4)*('Training Detail'!$G$5:$G$5000>=D49)*('Training Detail'!$G$5:$G$5000<=E49)*('Training Detail'!$P$5:$P$5000))) -> 3 | I49: =IF(OR(A49="",C49=""),"",SUMPRODUCT(('Training Detail'!$A$5:$A$5000=A49)*('Training Detail'!$M$5:$M$5000=Standards!A5)*('Training Detail'!$G$5:$G$5000>=D49)*('Training Detail'!$G$5:$G$5000<=E49)*('Training Detail'!$P$5:$P$5000))) -> 3 | J49: =IF(OR(A49="",C49=""),"",SUMPRODUCT(('Training Detail'!$A$5:$A$5000=A49)*('Training Detail'!$M$5:$M$5000=Standards!A6)*('Training Detail'!$G$5:$G$5000>=D49)*('Training Detail'!$G$5:$G$5000<=E49)*('Training Detail'!$P$5:$P$5000))) -> 1 | K49: =IF(OR(A49="",C49=""),"",SUMPRODUCT(('Training Detail'!$A$5:$A$5000=A49)*('Training Detail'!$M$5:$M$5000=Standards!A7)*('Training Detail'!$G$5:$G$5000>=D49)*('Training Detail'!$G$5:$G$5000<=E49)*('Training Detail'!$P$5:$P$5000))) -> 0 | L49: =IF(OR(A49="",C49=""),"",SUMPRODUCT(('Training Detail'!$A$5:$A$5000=A49)*('Training Detail'!$M$5:$M$5000=Standards!A8)*('Training Detail'!$G$5:$G$5000>=D49)*('Training Detail'!$G$5:$G$5000<=E49)*('Training Detail'!$P$5:$P$5000))) -> 0 | M49: =IF(OR(A49="",C49=""),"",SUMPRODUCT(('Training Detail'!$A$5:$A$5000=A49)*('Training Detail'!$M$5:$M$5000=Standards!A9)*('Training Detail'!$G$5:$G$5000>=D49)*('Training Detail'!$G$5:$G$5000<=E49)*('Training Detail'!$P$5:$P$5000))) -> 0 | N49: =IF(A49="","",IF(C49="","Set exp date",IF(AND(F49>=Requirements!B5,G49>=Requirements!B6,H49>=Requirements!B7,I49>=Requirements!B8,J49>=Requirements!B9,K49>=Requirements!B10,L49>=Requirements!B11,M49>=Requirements!B12),"Met","Short"))) -> Short | O49: =IF(OR(A49="",C49=""),"",IF(N49="Met","",IF(F49<Requirements!B5,Requirements!A5&" "&TEXT(Requirements!B5-F49,"0.##")&"; ","")&IF(G49<Requirements!B6,Requirements!A6&" "&TEXT(Requirements!B6-G49,"0.##")&"; ","")&IF(H49<Requirements!B7,Requirements!A7&" "&TEXT(Requirements!B7-H49,"0.##")&"; ","")&IF(I49<Requirements!B8,Requirements!A8&" "&TEXT(Requirements!B8-I49,"0.##")&"; ","")&IF(J49<Requirements!B9,Requirements!A9&" "&TEXT(Requirements!B9-J49,"0.##")&"; ","")&IF(K49<Requirements!B10,Requirements!A10&" "&TEXT(Requirements!B10-K49,"0.##")&"; ","")&IF(L49<Requirements!B11,Requirements!A11&" "&TEXT(Requirements!B11-L49,"0.##")&"; ","")&IF(M49<Requirements!B12,Requirements!A12&" "&TEXT(Requirements!B12-M49,"0.##")&"; ",""))) -> Airway 3; Cardiovascular 4; Medical 3; Operations 1; PAHT 1; SVAT 1; CPR/AED 1;
A50: Cranor, Logan Adam | B50: 1128559 | C50: 46387 | D50: =IF(C50="","",DATE(YEAR(C50)-1,1,1)) -> 45658 | E50: =IF(C50="","",DATE(YEAR(C50),12,31)) -> 46387 | F50: =IF(OR(A50="",C50=""),"",SUMPRODUCT(('Training Detail'!$A$5:$A$5000=A50)*('Training Detail'!$M$5:$M$5000=Standards!A2)*('Training Detail'!$G$5:$G$5000>=D50)*('Training Detail'!$G$5:$G$5000<=E50)*('Training Detail'!$P$5:$P$5000))) -> 0 | G50: =IF(OR(A50="",C50=""),"",SUMPRODUCT(('Training Detail'!$A$5:$A$5000=A50)*('Training Detail'!$M$5:$M$5000=Standards!A3)*('Training Detail'!$G$5:$G$5000>=D50)*('Training Detail'!$G$5:$G$5000<=E50)*('Training Detail'!$P$5:$P$5000))) -> 0 | H50: =IF(OR(A50="",C50=""),"",SUMPRODUCT(('Training Detail'!$A$5:$A$5000=A50)*('Training Detail'!$M$5:$M$5000=Standards!A4)*('Training Detail'!$G$5:$G$5000>=D50)*('Training Detail'!$G$5:$G$5000<=E50)*('Training Detail'!$P$5:$P$5000))) -> 6 | I50: =IF(OR(A50="",C50=""),"",SUMPRODUCT(('Training Detail'!$A$5:$A$5000=A50)*('Training Detail'!$M$5:$M$5000=Standards!A5)*('Training Detail'!$G$5:$G$5000>=D50)*('Training Detail'!$G$5:$G$5000<=E50)*('Training Detail'!$P$5:$P$5000))) -> 1 | J50: =IF(OR(A50="",C50=""),"",SUMPRODUCT(('Training Detail'!$A$5:$A$5000=A50)*('Training Detail'!$M$5:$M$5000=Standards!A6)*('Training Detail'!$G$5:$G$5000>=D50)*('Training Detail'!$G$5:$G$5000<=E50)*('Training Detail'!$P$5:$P$5000))) -> 5 | K50: =IF(OR(A50="",C50=""),"",SUMPRODUCT(('Training Detail'!$A$5:$A$5000=A50)*('Training Detail'!$M$5:$M$5000=Standards!A7)*('Training Detail'!$G$5:$G$5000>=D50)*('Training Detail'!$G$5:$G$5000<=E50)*('Training Detail'!$P$5:$P$5000))) -> 0 | L50: =IF(OR(A50="",C50=""),"",SUMPRODUCT(('Training Detail'!$A$5:$A$5000=A50)*('Training Detail'!$M$5:$M$5000=Standards!A8)*('Training Detail'!$G$5:$G$5000>=D50)*('Training Detail'!$G$5:$G$5000<=E50)*('Training Detail'!$P$5:$P$5000))) -> 0 | M50: =IF(OR(A50="",C50=""),"",SUMPRODUCT(('Training Detail'!$A$5:$A$5000=A50)*('Training Detail'!$M$5:$M$5000=Standards!A9)*('Training Detail'!$G$5:$G$5000>=D50)*('Training Detail'!$G$5:$G$5000<=E50)*('Training Detail'!$P$5:$P$5000))) -> 4 | N50: =IF(A50="","",IF(C50="","Set exp date",IF(AND(F50>=Requirements!B5,G50>=Requirements!B6,H50>=Requirements!B7,I50>=Requirements!B8,J50>=Requirements!B9,K50>=Requirements!B10,L50>=Requirements!B11,M50>=Requirements!B12),"Met","Short"))) -> Short | O50: =IF(OR(A50="",C50=""),"",IF(N50="Met","",IF(F50<Requirements!B5,Requirements!A5&" "&TEXT(Requirements!B5-F50,"0.##")&"; ","")&IF(G50<Requirements!B6,Requirements!A6&" "&TEXT(Requirements!B6-G50,"0.##")&"; ","")&IF(H50<Requirements!B7,Requirements!A7&" "&TEXT(Requirements!B7-H50,"0.##")&"; ","")&IF(I50<Requirements!B8,Requirements!A8&" "&TEXT(Requirements!B8-I50,"0.##")&"; ","")&IF(J50<Requirements!B9,Requirements!A9&" "&TEXT(Requirements!B9-J50,"0.##")&"; ","")&IF(K50<Requirements!B10,Requirements!A10&" "&TEXT(Requirements!B10-K50,"0.##")&"; ","")&IF(L50<Requirements!B11,Requirements!A11&" "&TEXT(Requirements!B11-L50,"0.##")&"; ","")&IF(M50<Requirements!B12,Requirements!A12&" "&TEXT(Requirements!B12-M50,"0.##")&"; ",""))) -> Airway 4; Cardiovascular 5; Medical 5; PAHT 1; SVAT 1;
A51: Crawford, Andy | B51: 1114217 | C51: 46752 | D51: =IF(C51="","",DATE(YEAR(C51)-1,1,1)) -> 46023 | E51: =IF(C51="","",DATE(YEAR(C51),12,31)) -> 46752 | F51: =IF(OR(A51="",C51=""),"",SUMPRODUCT(('Training Detail'!$A$5:$A$5000=A51)*('Training Detail'!$M$5:$M$5000=Standards!A2)*('Training Detail'!$G$5:$G$5000>=D51)*('Training Detail'!$G$5:$G$5000<=E51)*('Training Detail'!$P$5:$P$5000))) -> 0 | G51: =IF(OR(A51="",C51=""),"",SUMPRODUCT(('Training Detail'!$A$5:$A$5000=A51)*('Training Detail'!$M$5:$M$5000=Standards!A3)*('Training Detail'!$G$5:$G$5000>=D51)*('Training Detail'!$G$5:$G$5000<=E51)*('Training Detail'!$P$5:$P$5000))) -> 1 | H51: =IF(OR(A51="",C51=""),"",SUMPRODUCT(('Training Detail'!$A$5:$A$5000=A51)*('Training Detail'!$M$5:$M$5000=Standards!A4)*('Training Detail'!$G$5:$G$5000>=D51)*('Training Detail'!$G$5:$G$5000<=E51)*('Training Detail'!$P$5:$P$5000))) -> 0 | I51: =IF(OR(A51="",C51=""),"",SUMPRODUCT(('Training Detail'!$A$5:$A$5000=A51)*('Training Detail'!$M$5:$M$5000=Standards!A5)*('Training Detail'!$G$5:$G$5000>=D51)*('Training Detail'!$G$5:$G$5000<=E51)*('Training Detail'!$P$5:$P$5000))) -> 2 | J51: =IF(OR(A51="",C51=""),"",SUMPRODUCT(('Training Detail'!$A$5:$A$5000=A51)*('Training Detail'!$M$5:$M$5000=Standards!A6)*('Training Detail'!$G$5:$G$5000>=D51)*('Training Detail'!$G$5:$G$5000<=E51)*('Training Detail'!$P$5:$P$5000))) -> 3 | K51: =IF(OR(A51="",C51=""),"",SUMPRODUCT(('Training Detail'!$A$5:$A$5000=A51)*('Training Detail'!$M$5:$M$5000=Standards!A7)*('Training Detail'!$G$5:$G$5000>=D51)*('Training Detail'!$G$5:$G$5000<=E51)*('Training Detail'!$P$5:$P$5000))) -> 0 | L51: =IF(OR(A51="",C51=""),"",SUMPRODUCT(('Training Detail'!$A$5:$A$5000=A51)*('Training Detail'!$M$5:$M$5000=Standards!A8)*('Training Detail'!$G$5:$G$5000>=D51)*('Training Detail'!$G$5:$G$5000<=E51)*('Training Detail'!$P$5:$P$5000))) -> 0 | M51: =IF(OR(A51="",C51=""),"",SUMPRODUCT(('Training Detail'!$A$5:$A$5000=A51)*('Training Detail'!$M$5:$M$5000=Standards!A9)*('Training Detail'!$G$5:$G$5000>=D51)*('Training Detail'!$G$5:$G$5000<=E51)*('Training Detail'!$P$5:$P$5000))) -> 0 | N51: =IF(A51="","",IF(C51="","Set exp date",IF(AND(F51>=Requirements!B5,G51>=Requirements!B6,H51>=Requirements!B7,I51>=Requirements!B8,J51>=Requirements!B9,K51>=Requirements!B10,L51>=Requirements!B11,M51>=Requirements!B12),"Met","Short"))) -> Short | O51: =IF(OR(A51="",C51=""),"",IF(N51="Met","",IF(F51<Requirements!B5,Requirements!A5&" "&TEXT(Requirements!B5-F51,"0.##")&"; ","")&IF(G51<Requirements!B6,Requirements!A6&" "&TEXT(Requirements!B6-G51,"0.##")&"; ","")&IF(H51<Requirements!B7,Requirements!A7&" "&TEXT(Requirements!B7-H51,"0.##")&"; ","")&IF(I51<Requirements!B8,Requirements!A8&" "&TEXT(Requirements!B8-I51,"0.##")&"; ","")&IF(J51<Requirements!B9,Requirements!A9&" "&TEXT(Requirements!B9-J51,"0.##")&"; ","")&IF(K51<Requirements!B10,Requirements!A10&" "&TEXT(Requirements!B10-K51,"0.##")&"; ","")&IF(L51<Requirements!B11,Requirements!A11&" "&TEXT(Requirements!B11-L51,"0.##")&"; ","")&IF(M51<Requirements!B12,Requirements!A12&" "&TEXT(Requirements!B12-M51,"0.##")&"; ",""))) -> Airway 4; Cardiovascular 4; Trauma 3; Medical 4; PAHT 1; SVAT 1; CPR/AED 1;
A52: Cross, Colton | B52: 1119387 | C52: 46387 | D52: =IF(C52="","",DATE(YEAR(C52)-1,1,1)) -> 45658 | E52: =IF(C52="","",DATE(YEAR(C52),12,31)) -> 46387 | F52: =IF(OR(A52="",C52=""),"",SUMPRODUCT(('Training Detail'!$A$5:$A$5000=A52)*('Training Detail'!$M$5:$M$5000=Standards!A2)*('Training Detail'!$G$5:$G$5000>=D52)*('Training Detail'!$G$5:$G$5000<=E52)*('Training Detail'!$P$5:$P$5000))) -> 1.5 | G52: =IF(OR(A52="",C52=""),"",SUMPRODUCT(('Training Detail'!$A$5:$A$5000=A52)*('Training Detail'!$M$5:$M$5000=Standards!A3)*('Training Detail'!$G$5:$G$5000>=D52)*('Training Detail'!$G$5:$G$5000<=E52)*('Training Detail'!$P$5:$P$5000))) -> 0 | H52: =IF(OR(A52="",C52=""),"",SUMPRODUCT(('Training Detail'!$A$5:$A$5000=A52)*('Training Detail'!$M$5:$M$5000=Standards!A4)*('Training Detail'!$G$5:$G$5000>=D52)*('Training Detail'!$G$5:$G$5000<=E52)*('Training Detail'!$P$5:$P$5000))) -> 6 | I52: =IF(OR(A52="",C52=""),"",SUMPRODUCT(('Training Detail'!$A$5:$A$5000=A52)*('Training Detail'!$M$5:$M$5000=Standards!A5)*('Training Detail'!$G$5:$G$5000>=D52)*('Training Detail'!$G$5:$G$5000<=E52)*('Training Detail'!$P$5:$P$5000))) -> 2 | J52: =IF(OR(A52="",C52=""),"",SUMPRODUCT(('Training Detail'!$A$5:$A$5000=A52)*('Training Detail'!$M$5:$M$5000=Standards!A6)*('Training Detail'!$G$5:$G$5000>=D52)*('Training Detail'!$G$5:$G$5000<=E52)*('Training Detail'!$P$5:$P$5000))) -> 1.5 | K52: =IF(OR(A52="",C52=""),"",SUMPRODUCT(('Training Detail'!$A$5:$A$5000=A52)*('Training Detail'!$M$5:$M$5000=Standards!A7)*('Training Detail'!$G$5:$G$5000>=D52)*('Training Detail'!$G$5:$G$5000<=E52)*('Training Detail'!$P$5:$P$5000))) -> 0 | L52: =IF(OR(A52="",C52=""),"",SUMPRODUCT(('Training Detail'!$A$5:$A$5000=A52)*('Training Detail'!$M$5:$M$5000=Standards!A8)*('Training Detail'!$G$5:$G$5000>=D52)*('Training Detail'!$G$5:$G$5000<=E52)*('Training Detail'!$P$5:$P$5000))) -> 0 | M52: =IF(OR(A52="",C52=""),"",SUMPRODUCT(('Training Detail'!$A$5:$A$5000=A52)*('Training Detail'!$M$5:$M$5000=Standards!A9)*('Training Detail'!$G$5:$G$5000>=D52)*('Training Detail'!$G$5:$G$5000<=E52)*('Training Detail'!$P$5:$P$5000))) -> 0 | N52: =IF(A52="","",IF(C52="","Set exp date",IF(AND(F52>=Requirements!B5,G52>=Requirements!B6,H52>=Requirements!B7,I52>=Requirements!B8,J52>=Requirements!B9,K52>=Requirements!B10,L52>=Requirements!B11,M52>=Requirements!B12),"Met","Short"))) -> Short | O52: =IF(OR(A52="",C52=""),"",IF(N52="Met","",IF(F52<Requirements!B5,Requirements!A5&" "&TEXT(Requirements!B5-F52,"0.##")&"; ","")&IF(G52<Requirements!B6,Requirements!A6&" "&TEXT(Requirements!B6-G52,"0.##")&"; ","")&IF(H52<Requirements!B7,Requirements!A7&" "&TEXT(Requirements!B7-H52,"0.##")&"; ","")&IF(I52<Requirements!B8,Requirements!A8&" "&TEXT(Requirements!B8-I52,"0.##")&"; ","")&IF(J52<Requirements!B9,Requirements!A9&" "&TEXT(Requirements!B9-J52,"0.##")&"; ","")&IF(K52<Requirements!B10,Requirements!A10&" "&TEXT(Requirements!B10-K52,"0.##")&"; ","")&IF(L52<Requirements!B11,Requirements!A11&" "&TEXT(Requirements!B11-L52,"0.##")&"; ","")&IF(M52<Requirements!B12,Requirements!A12&" "&TEXT(Requirements!B12-M52,"0.##")&"; ",""))) -> Airway 2.5; Cardiovascular 5; Medical 4; Operations 0.5; PAHT 1; SVAT 1; CPR/AED 1;
A53: Daniels, Dalton Loye | B53: 1130706 | C53: 46752 | D53: =IF(C53="","",DATE(YEAR(C53)-1,1,1)) -> 46023 | E53: =IF(C53="","",DATE(YEAR(C53),12,31)) -> 46752 | F53: =IF(OR(A53="",C53=""),"",SUMPRODUCT(('Training Detail'!$A$5:$A$5000=A53)*('Training Detail'!$M$5:$M$5000=Standards!A2)*('Training Detail'!$G$5:$G$5000>=D53)*('Training Detail'!$G$5:$G$5000<=E53)*('Training Detail'!$P$5:$P$5000))) -> 0 | G53: =IF(OR(A53="",C53=""),"",SUMPRODUCT(('Training Detail'!$A$5:$A$5000=A53)*('Training Detail'!$M$5:$M$5000=Standards!A3)*('Training Detail'!$G$5:$G$5000>=D53)*('Training Detail'!$G$5:$G$5000<=E53)*('Training Detail'!$P$5:$P$5000))) -> 0 | H53: =IF(OR(A53="",C53=""),"",SUMPRODUCT(('Training Detail'!$A$5:$A$5000=A53)*('Training Detail'!$M$5:$M$5000=Standards!A4)*('Training Detail'!$G$5:$G$5000>=D53)*('Training Detail'!$G$5:$G$5000<=E53)*('Training Detail'!$P$5:$P$5000))) -> 4.5 | I53: =IF(OR(A53="",C53=""),"",SUMPRODUCT(('Training Detail'!$A$5:$A$5000=A53)*('Training Detail'!$M$5:$M$5000=Standards!A5)*('Training Detail'!$G$5:$G$5000>=D53)*('Training Detail'!$G$5:$G$5000<=E53)*('Training Detail'!$P$5:$P$5000))) -> 2 | J53: =IF(OR(A53="",C53=""),"",SUMPRODUCT(('Training Detail'!$A$5:$A$5000=A53)*('Training Detail'!$M$5:$M$5000=Standards!A6)*('Training Detail'!$G$5:$G$5000>=D53)*('Training Detail'!$G$5:$G$5000<=E53)*('Training Detail'!$P$5:$P$5000))) -> 1 | K53: =IF(OR(A53="",C53=""),"",SUMPRODUCT(('Training Detail'!$A$5:$A$5000=A53)*('Training Detail'!$M$5:$M$5000=Standards!A7)*('Training Detail'!$G$5:$G$5000>=D53)*('Training Detail'!$G$5:$G$5000<=E53)*('Training Detail'!$P$5:$P$5000))) -> 0 | L53: =IF(OR(A53="",C53=""),"",SUMPRODUCT(('Training Detail'!$A$5:$A$5000=A53)*('Training Detail'!$M$5:$M$5000=Standards!A8)*('Training Detail'!$G$5:$G$5000>=D53)*('Training Detail'!$G$5:$G$5000<=E53)*('Training Detail'!$P$5:$P$5000))) -> 0 | M53: =IF(OR(A53="",C53=""),"",SUMPRODUCT(('Training Detail'!$A$5:$A$5000=A53)*('Training Detail'!$M$5:$M$5000=Standards!A9)*('Training Detail'!$G$5:$G$5000>=D53)*('Training Detail'!$G$5:$G$5000<=E53)*('Training Detail'!$P$5:$P$5000))) -> 0 | N53: =IF(A53="","",IF(C53="","Set exp date",IF(AND(F53>=Requirements!B5,G53>=Requirements!B6,H53>=Requirements!B7,I53>=Requirements!B8,J53>=Requirements!B9,K53>=Requirements!B10,L53>=Requirements!B11,M53>=Requirements!B12),"Met","Short"))) -> Short | O53: =IF(OR(A53="",C53=""),"",IF(N53="Met","",IF(F53<Requirements!B5,Requirements!A5&" "&TEXT(Requirements!B5-F53,"0.##")&"; ","")&IF(G53<Requirements!B6,Requirements!A6&" "&TEXT(Requirements!B6-G53,"0.##")&"; ","")&IF(H53<Requirements!B7,Requirements!A7&" "&TEXT(Requirements!B7-H53,"0.##")&"; ","")&IF(I53<Requirements!B8,Requirements!A8&" "&TEXT(Requirements!B8-I53,"0.##")&"; ","")&IF(J53<Requirements!B9,Requirements!A9&" "&TEXT(Requirements!B9-J53,"0.##")&"; ","")&IF(K53<Requirements!B10,Requirements!A10&" "&TEXT(Requirements!B10-K53,"0.##")&"; ","")&IF(L53<Requirements!B11,Requirements!A11&" "&TEXT(Requirements!B11-L53,"0.##")&"; ","")&IF(M53<Requirements!B12,Requirements!A12&" "&TEXT(Requirements!B12-M53,"0.##")&"; ",""))) -> Airway 4; Cardiovascular 5; Medical 4; Operations 1; PAHT 1; SVAT 1; CPR/AED 1;
A54: Davis, Charles | B54: 1129005 | C54: 46387 | D54: =IF(C54="","",DATE(YEAR(C54)-1,1,1)) -> 45658 | E54: =IF(C54="","",DATE(YEAR(C54),12,31)) -> 46387 | F54: =IF(OR(A54="",C54=""),"",SUMPRODUCT(('Training Detail'!$A$5:$A$5000=A54)*('Training Detail'!$M$5:$M$5000=Standards!A2)*('Training Detail'!$G$5:$G$5000>=D54)*('Training Detail'!$G$5:$G$5000<=E54)*('Training Detail'!$P$5:$P$5000))) -> 1 | G54: =IF(OR(A54="",C54=""),"",SUMPRODUCT(('Training Detail'!$A$5:$A$5000=A54)*('Training Detail'!$M$5:$M$5000=Standards!A3)*('Training Detail'!$G$5:$G$5000>=D54)*('Training Detail'!$G$5:$G$5000<=E54)*('Training Detail'!$P$5:$P$5000))) -> 1.5 | H54: =IF(OR(A54="",C54=""),"",SUMPRODUCT(('Training Detail'!$A$5:$A$5000=A54)*('Training Detail'!$M$5:$M$5000=Standards!A4)*('Training Detail'!$G$5:$G$5000>=D54)*('Training Detail'!$G$5:$G$5000<=E54)*('Training Detail'!$P$5:$P$5000))) -> 5 | I54: =IF(OR(A54="",C54=""),"",SUMPRODUCT(('Training Detail'!$A$5:$A$5000=A54)*('Training Detail'!$M$5:$M$5000=Standards!A5)*('Training Detail'!$G$5:$G$5000>=D54)*('Training Detail'!$G$5:$G$5000<=E54)*('Training Detail'!$P$5:$P$5000))) -> 4.5 | J54: =IF(OR(A54="",C54=""),"",SUMPRODUCT(('Training Detail'!$A$5:$A$5000=A54)*('Training Detail'!$M$5:$M$5000=Standards!A6)*('Training Detail'!$G$5:$G$5000>=D54)*('Training Detail'!$G$5:$G$5000<=E54)*('Training Detail'!$P$5:$P$5000))) -> 2 | K54: =IF(OR(A54="",C54=""),"",SUMPRODUCT(('Training Detail'!$A$5:$A$5000=A54)*('Training Detail'!$M$5:$M$5000=Standards!A7)*('Training Detail'!$G$5:$G$5000>=D54)*('Training Detail'!$G$5:$G$5000<=E54)*('Training Detail'!$P$5:$P$5000))) -> 0 | L54: =IF(OR(A54="",C54=""),"",SUMPRODUCT(('Training Detail'!$A$5:$A$5000=A54)*('Training Detail'!$M$5:$M$5000=Standards!A8)*('Training Detail'!$G$5:$G$5000>=D54)*('Training Detail'!$G$5:$G$5000<=E54)*('Training Detail'!$P$5:$P$5000))) -> 0 | M54: =IF(OR(A54="",C54=""),"",SUMPRODUCT(('Training Detail'!$A$5:$A$5000=A54)*('Training Detail'!$M$5:$M$5000=Standards!A9)*('Training Detail'!$G$5:$G$5000>=D54)*('Training Detail'!$G$5:$G$5000<=E54)*('Training Detail'!$P$5:$P$5000))) -> 1.5 | N54: =IF(A54="","",IF(C54="","Set exp date",IF(AND(F54>=Requirements!B5,G54>=Requirements!B6,H54>=Requirements!B7,I54>=Requirements!B8,J54>=Requirements!B9,K54>=Requirements!B10,L54>=Requirements!B11,M54>=Requirements!B12),"Met","Short"))) -> Short | O54: =IF(OR(A54="",C54=""),"",IF(N54="Met","",IF(F54<Requirements!B5,Requirements!A5&" "&TEXT(Requirements!B5-F54,"0.##")&"; ","")&IF(G54<Requirements!B6,Requirements!A6&" "&TEXT(Requirements!B6-G54,"0.##")&"; ","")&IF(H54<Requirements!B7,Requirements!A7&" "&TEXT(Requirements!B7-H54,"0.##")&"; ","")&IF(I54<Requirements!B8,Requirements!A8&" "&TEXT(Requirements!B8-I54,"0.##")&"; ","")&IF(J54<Requirements!B9,Requirements!A9&" "&TEXT(Requirements!B9-J54,"0.##")&"; ","")&IF(K54<Requirements!B10,Requirements!A10&" "&TEXT(Requirements!B10-K54,"0.##")&"; ","")&IF(L54<Requirements!B11,Requirements!A11&" "&TEXT(Requirements!B11-L54,"0.##")&"; ","")&IF(M54<Requirements!B12,Requirements!A12&" "&TEXT(Requirements!B12-M54,"0.##")&"; ",""))) -> Airway 3; Cardiovascular 3.5; Medical 1.5; PAHT 1; SVAT 1;
A55: Dezern, Alan | B55: 1057229 | C55: 46752 | D55: =IF(C55="","",DATE(YEAR(C55)-1,1,1)) -> 46023 | E55: =IF(C55="","",DATE(YEAR(C55),12,31)) -> 46752 | F55: =IF(OR(A55="",C55=""),"",SUMPRODUCT(('Training Detail'!$A$5:$A$5000=A55)*('Training Detail'!$M$5:$M$5000=Standards!A2)*('Training Detail'!$G$5:$G$5000>=D55)*('Training Detail'!$G$5:$G$5000<=E55)*('Training Detail'!$P$5:$P$5000))) -> 3 | G55: =IF(OR(A55="",C55=""),"",SUMPRODUCT(('Training Detail'!$A$5:$A$5000=A55)*('Training Detail'!$M$5:$M$5000=Standards!A3)*('Training Detail'!$G$5:$G$5000>=D55)*('Training Detail'!$G$5:$G$5000<=E55)*('Training Detail'!$P$5:$P$5000))) -> 3 | H55: =IF(OR(A55="",C55=""),"",SUMPRODUCT(('Training Detail'!$A$5:$A$5000=A55)*('Training Detail'!$M$5:$M$5000=Standards!A4)*('Training Detail'!$G$5:$G$5000>=D55)*('Training Detail'!$G$5:$G$5000<=E55)*('Training Detail'!$P$5:$P$5000))) -> 5 | I55: =IF(OR(A55="",C55=""),"",SUMPRODUCT(('Training Detail'!$A$5:$A$5000=A55)*('Training Detail'!$M$5:$M$5000=Standards!A5)*('Training Detail'!$G$5:$G$5000>=D55)*('Training Detail'!$G$5:$G$5000<=E55)*('Training Detail'!$P$5:$P$5000))) -> 6 | J55: =IF(OR(A55="",C55=""),"",SUMPRODUCT(('Training Detail'!$A$5:$A$5000=A55)*('Training Detail'!$M$5:$M$5000=Standards!A6)*('Training Detail'!$G$5:$G$5000>=D55)*('Training Detail'!$G$5:$G$5000<=E55)*('Training Detail'!$P$5:$P$5000))) -> 1 | K55: =IF(OR(A55="",C55=""),"",SUMPRODUCT(('Training Detail'!$A$5:$A$5000=A55)*('Training Detail'!$M$5:$M$5000=Standards!A7)*('Training Detail'!$G$5:$G$5000>=D55)*('Training Detail'!$G$5:$G$5000<=E55)*('Training Detail'!$P$5:$P$5000))) -> 0 | L55: =IF(OR(A55="",C55=""),"",SUMPRODUCT(('Training Detail'!$A$5:$A$5000=A55)*('Training Detail'!$M$5:$M$5000=Standards!A8)*('Training Detail'!$G$5:$G$5000>=D55)*('Training Detail'!$G$5:$G$5000<=E55)*('Training Detail'!$P$5:$P$5000))) -> 0 | M55: =IF(OR(A55="",C55=""),"",SUMPRODUCT(('Training Detail'!$A$5:$A$5000=A55)*('Training Detail'!$M$5:$M$5000=Standards!A9)*('Training Detail'!$G$5:$G$5000>=D55)*('Training Detail'!$G$5:$G$5000<=E55)*('Training Detail'!$P$5:$P$5000))) -> 0 | N55: =IF(A55="","",IF(C55="","Set exp date",IF(AND(F55>=Requirements!B5,G55>=Requirements!B6,H55>=Requirements!B7,I55>=Requirements!B8,J55>=Requirements!B9,K55>=Requirements!B10,L55>=Requirements!B11,M55>=Requirements!B12),"Met","Short"))) -> Short | O55: =IF(OR(A55="",C55=""),"",IF(N55="Met","",IF(F55<Requirements!B5,Requirements!A5&" "&TEXT(Requirements!B5-F55,"0.##")&"; ","")&IF(G55<Requirements!B6,Requirements!A6&" "&TEXT(Requirements!B6-G55,"0.##")&"; ","")&IF(H55<Requirements!B7,Requirements!A7&" "&TEXT(Requirements!B7-H55,"0.##")&"; ","")&IF(I55<Requirements!B8,Requirements!A8&" "&TEXT(Requirements!B8-I55,"0.##")&"; ","")&IF(J55<Requirements!B9,Requirements!A9&" "&TEXT(Requirements!B9-J55,"0.##")&"; ","")&IF(K55<Requirements!B10,Requirements!A10&" "&TEXT(Requirements!B10-K55,"0.##")&"; ","")&IF(L55<Requirements!B11,Requirements!A11&" "&TEXT(Requirements!B11-L55,"0.##")&"; ","")&IF(M55<Requirements!B12,Requirements!A12&" "&TEXT(Requirements!B12-M55,"0.##")&"; ",""))) -> Airway 1; Cardiovascular 2; Operations 1; PAHT 1; SVAT 1; CPR/AED 1;
A56: Donnelly, Brian | B56: 1125614 | C56: 46752 | D56: =IF(C56="","",DATE(YEAR(C56)-1,1,1)) -> 46023 | E56: =IF(C56="","",DATE(YEAR(C56),12,31)) -> 46752 | F56: =IF(OR(A56="",C56=""),"",SUMPRODUCT(('Training Detail'!$A$5:$A$5000=A56)*('Training Detail'!$M$5:$M$5000=Standards!A2)*('Training Detail'!$G$5:$G$5000>=D56)*('Training Detail'!$G$5:$G$5000<=E56)*('Training Detail'!$P$5:$P$5000))) -> 0 | G56: =IF(OR(A56="",C56=""),"",SUMPRODUCT(('Training Detail'!$A$5:$A$5000=A56)*('Training Detail'!$M$5:$M$5000=Standards!A3)*('Training Detail'!$G$5:$G$5000>=D56)*('Training Detail'!$G$5:$G$5000<=E56)*('Training Detail'!$P$5:$P$5000))) -> 0 | H56: =IF(OR(A56="",C56=""),"",SUMPRODUCT(('Training Detail'!$A$5:$A$5000=A56)*('Training Detail'!$M$5:$M$5000=Standards!A4)*('Training Detail'!$G$5:$G$5000>=D56)*('Training Detail'!$G$5:$G$5000<=E56)*('Training Detail'!$P$5:$P$5000))) -> 5 | I56: =IF(OR(A56="",C56=""),"",SUMPRODUCT(('Training Detail'!$A$5:$A$5000=A56)*('Training Detail'!$M$5:$M$5000=Standards!A5)*('Training Detail'!$G$5:$G$5000>=D56)*('Training Detail'!$G$5:$G$5000<=E56)*('Training Detail'!$P$5:$P$5000))) -> 1 | J56: =IF(OR(A56="",C56=""),"",SUMPRODUCT(('Training Detail'!$A$5:$A$5000=A56)*('Training Detail'!$M$5:$M$5000=Standards!A6)*('Training Detail'!$G$5:$G$5000>=D56)*('Training Detail'!$G$5:$G$5000<=E56)*('Training Detail'!$P$5:$P$5000))) -> 2 | K56: =IF(OR(A56="",C56=""),"",SUMPRODUCT(('Training Detail'!$A$5:$A$5000=A56)*('Training Detail'!$M$5:$M$5000=Standards!A7)*('Training Detail'!$G$5:$G$5000>=D56)*('Training Detail'!$G$5:$G$5000<=E56)*('Training Detail'!$P$5:$P$5000))) -> 1.25 | L56: =IF(OR(A56="",C56=""),"",SUMPRODUCT(('Training Detail'!$A$5:$A$5000=A56)*('Training Detail'!$M$5:$M$5000=Standards!A8)*('Training Detail'!$G$5:$G$5000>=D56)*('Training Detail'!$G$5:$G$5000<=E56)*('Training Detail'!$P$5:$P$5000))) -> 1 | M56: =IF(OR(A56="",C56=""),"",SUMPRODUCT(('Training Detail'!$A$5:$A$5000=A56)*('Training Detail'!$M$5:$M$5000=Standards!A9)*('Training Detail'!$G$5:$G$5000>=D56)*('Training Detail'!$G$5:$G$5000<=E56)*('Training Detail'!$P$5:$P$5000))) -> 0 | N56: =IF(A56="","",IF(C56="","Set exp date",IF(AND(F56>=Requirements!B5,G56>=Requirements!B6,H56>=Requirements!B7,I56>=Requirements!B8,J56>=Requirements!B9,K56>=Requirements!B10,L56>=Requirements!B11,M56>=Requirements!B12),"Met","Short"))) -> Short | O56: =IF(OR(A56="",C56=""),"",IF(N56="Met","",IF(F56<Requirements!B5,Requirements!A5&" "&TEXT(Requirements!B5-F56,"0.##")&"; ","")&IF(G56<Requirements!B6,Requirements!A6&" "&TEXT(Requirements!B6-G56,"0.##")&"; ","")&IF(H56<Requirements!B7,Requirements!A7&" "&TEXT(Requirements!B7-H56,"0.##")&"; ","")&IF(I56<Requirements!B8,Requirements!A8&" "&TEXT(Requirements!B8-I56,"0.##")&"; ","")&IF(J56<Requirements!B9,Requirements!A9&" "&TEXT(Requirements!B9-J56,"0.##")&"; ","")&IF(K56<Requirements!B10,Requirements!A10&" "&TEXT(Requirements!B10-K56,"0.##")&"; ","")&IF(L56<Requirements!B11,Requirements!A11&" "&TEXT(Requirements!B11-L56,"0.##")&"; ","")&IF(M56<Requirements!B12,Requirements!A12&" "&TEXT(Requirements!B12-M56,"0.##")&"; ",""))) -> Airway 4; Cardiovascular 5; Medical 5; CPR/AED 1;
A57: Donnelly, Justin | B57: 1117373 | C57: 46387 | D57: =IF(C57="","",DATE(YEAR(C57)-1,1,1)) -> 45658 | E57: =IF(C57="","",DATE(YEAR(C57),12,31)) -> 46387 | F57: =IF(OR(A57="",C57=""),"",SUMPRODUCT(('Training Detail'!$A$5:$A$5000=A57)*('Training Detail'!$M$5:$M$5000=Standards!A2)*('Training Detail'!$G$5:$G$5000>=D57)*('Training Detail'!$G$5:$G$5000<=E57)*('Training Detail'!$P$5:$P$5000))) -> 1 | G57: =IF(OR(A57="",C57=""),"",SUMPRODUCT(('Training Detail'!$A$5:$A$5000=A57)*('Training Detail'!$M$5:$M$5000=Standards!A3)*('Training Detail'!$G$5:$G$5000>=D57)*('Training Detail'!$G$5:$G$5000<=E57)*('Training Detail'!$P$5:$P$5000))) -> 1 | H57: =IF(OR(A57="",C57=""),"",SUMPRODUCT(('Training Detail'!$A$5:$A$5000=A57)*('Training Detail'!$M$5:$M$5000=Standards!A4)*('Training Detail'!$G$5:$G$5000>=D57)*('Training Detail'!$G$5:$G$5000<=E57)*('Training Detail'!$P$5:$P$5000))) -> 5 | I57: =IF(OR(A57="",C57=""),"",SUMPRODUCT(('Training Detail'!$A$5:$A$5000=A57)*('Training Detail'!$M$5:$M$5000=Standards!A5)*('Training Detail'!$G$5:$G$5000>=D57)*('Training Detail'!$G$5:$G$5000<=E57)*('Training Detail'!$P$5:$P$5000))) -> 9.5 | J57: =IF(OR(A57="",C57=""),"",SUMPRODUCT(('Training Detail'!$A$5:$A$5000=A57)*('Training Detail'!$M$5:$M$5000=Standards!A6)*('Training Detail'!$G$5:$G$5000>=D57)*('Training Detail'!$G$5:$G$5000<=E57)*('Training Detail'!$P$5:$P$5000))) -> 3 | K57: =IF(OR(A57="",C57=""),"",SUMPRODUCT(('Training Detail'!$A$5:$A$5000=A57)*('Training Detail'!$M$5:$M$5000=Standards!A7)*('Training Detail'!$G$5:$G$5000>=D57)*('Training Detail'!$G$5:$G$5000<=E57)*('Training Detail'!$P$5:$P$5000))) -> 1 | L57: =IF(OR(A57="",C57=""),"",SUMPRODUCT(('Training Detail'!$A$5:$A$5000=A57)*('Training Detail'!$M$5:$M$5000=Standards!A8)*('Training Detail'!$G$5:$G$5000>=D57)*('Training Detail'!$G$5:$G$5000<=E57)*('Training Detail'!$P$5:$P$5000))) -> 0 | M57: =IF(OR(A57="",C57=""),"",SUMPRODUCT(('Training Detail'!$A$5:$A$5000=A57)*('Training Detail'!$M$5:$M$5000=Standards!A9)*('Training Detail'!$G$5:$G$5000>=D57)*('Training Detail'!$G$5:$G$5000<=E57)*('Training Detail'!$P$5:$P$5000))) -> 0.5 | N57: =IF(A57="","",IF(C57="","Set exp date",IF(AND(F57>=Requirements!B5,G57>=Requirements!B6,H57>=Requirements!B7,I57>=Requirements!B8,J57>=Requirements!B9,K57>=Requirements!B10,L57>=Requirements!B11,M57>=Requirements!B12),"Met","Short"))) -> Short | O57: =IF(OR(A57="",C57=""),"",IF(N57="Met","",IF(F57<Requirements!B5,Requirements!A5&" "&TEXT(Requirements!B5-F57,"0.##")&"; ","")&IF(G57<Requirements!B6,Requirements!A6&" "&TEXT(Requirements!B6-G57,"0.##")&"; ","")&IF(H57<Requirements!B7,Requirements!A7&" "&TEXT(Requirements!B7-H57,"0.##")&"; ","")&IF(I57<Requirements!B8,Requirements!A8&" "&TEXT(Requirements!B8-I57,"0.##")&"; ","")&IF(J57<Requirements!B9,Requirements!A9&" "&TEXT(Requirements!B9-J57,"0.##")&"; ","")&IF(K57<Requirements!B10,Requirements!A10&" "&TEXT(Requirements!B10-K57,"0.##")&"; ","")&IF(L57<Requirements!B11,Requirements!A11&" "&TEXT(Requirements!B11-L57,"0.##")&"; ","")&IF(M57<Requirements!B12,Requirements!A12&" "&TEXT(Requirements!B12-M57,"0.##")&"; ",""))) -> Airway 3; Cardiovascular 4; SVAT 1; CPR/AED 0.5;
A58: Dukes, Mark | B58: 1127456 | C58: 46752 | D58: =IF(C58="","",DATE(YEAR(C58)-1,1,1)) -> 46023 | E58: =IF(C58="","",DATE(YEAR(C58),12,31)) -> 46752 | F58: =IF(OR(A58="",C58=""),"",SUMPRODUCT(('Training Detail'!$A$5:$A$5000=A58)*('Training Detail'!$M$5:$M$5000=Standards!A2)*('Training Detail'!$G$5:$G$5000>=D58)*('Training Detail'!$G$5:$G$5000<=E58)*('Training Detail'!$P$5:$P$5000))) -> 1 | G58: =IF(OR(A58="",C58=""),"",SUMPRODUCT(('Training Detail'!$A$5:$A$5000=A58)*('Training Detail'!$M$5:$M$5000=Standards!A3)*('Training Detail'!$G$5:$G$5000>=D58)*('Training Detail'!$G$5:$G$5000<=E58)*('Training Detail'!$P$5:$P$5000))) -> 1 | H58: =IF(OR(A58="",C58=""),"",SUMPRODUCT(('Training Detail'!$A$5:$A$5000=A58)*('Training Detail'!$M$5:$M$5000=Standards!A4)*('Training Detail'!$G$5:$G$5000>=D58)*('Training Detail'!$G$5:$G$5000<=E58)*('Training Detail'!$P$5:$P$5000))) -> 5 | I58: =IF(OR(A58="",C58=""),"",SUMPRODUCT(('Training Detail'!$A$5:$A$5000=A58)*('Training Detail'!$M$5:$M$5000=Standards!A5)*('Training Detail'!$G$5:$G$5000>=D58)*('Training Detail'!$G$5:$G$5000<=E58)*('Training Detail'!$P$5:$P$5000))) -> 4 | J58: =IF(OR(A58="",C58=""),"",SUMPRODUCT(('Training Detail'!$A$5:$A$5000=A58)*('Training Detail'!$M$5:$M$5000=Standards!A6)*('Training Detail'!$G$5:$G$5000>=D58)*('Training Detail'!$G$5:$G$5000<=E58)*('Training Detail'!$P$5:$P$5000))) -> 2 | K58: =IF(OR(A58="",C58=""),"",SUMPRODUCT(('Training Detail'!$A$5:$A$5000=A58)*('Training Detail'!$M$5:$M$5000=Standards!A7)*('Training Detail'!$G$5:$G$5000>=D58)*('Training Detail'!$G$5:$G$5000<=E58)*('Training Detail'!$P$5:$P$5000))) -> 0 | L58: =IF(OR(A58="",C58=""),"",SUMPRODUCT(('Training Detail'!$A$5:$A$5000=A58)*('Training Detail'!$M$5:$M$5000=Standards!A8)*('Training Detail'!$G$5:$G$5000>=D58)*('Training Detail'!$G$5:$G$5000<=E58)*('Training Detail'!$P$5:$P$5000))) -> 0 | M58: =IF(OR(A58="",C58=""),"",SUMPRODUCT(('Training Detail'!$A$5:$A$5000=A58)*('Training Detail'!$M$5:$M$5000=Standards!A9)*('Training Detail'!$G$5:$G$5000>=D58)*('Training Detail'!$G$5:$G$5000<=E58)*('Training Detail'!$P$5:$P$5000))) -> 0 | N58: =IF(A58="","",IF(C58="","Set exp date",IF(AND(F58>=Requirements!B5,G58>=Requirements!B6,H58>=Requirements!B7,I58>=Requirements!B8,J58>=Requirements!B9,K58>=Requirements!B10,L58>=Requirements!B11,M58>=Requirements!B12),"Met","Short"))) -> Short | O58: =IF(OR(A58="",C58=""),"",IF(N58="Met","",IF(F58<Requirements!B5,Requirements!A5&" "&TEXT(Requirements!B5-F58,"0.##")&"; ","")&IF(G58<Requirements!B6,Requirements!A6&" "&TEXT(Requirements!B6-G58,"0.##")&"; ","")&IF(H58<Requirements!B7,Requirements!A7&" "&TEXT(Requirements!B7-H58,"0.##")&"; ","")&IF(I58<Requirements!B8,Requirements!A8&" "&TEXT(Requirements!B8-I58,"0.##")&"; ","")&IF(J58<Requirements!B9,Requirements!A9&" "&TEXT(Requirements!B9-J58,"0.##")&"; ","")&IF(K58<Requirements!B10,Requirements!A10&" "&TEXT(Requirements!B10-K58,"0.##")&"; ","")&IF(L58<Requirements!B11,Requirements!A11&" "&TEXT(Requirements!B11-L58,"0.##")&"; ","")&IF(M58<Requirements!B12,Requirements!A12&" "&TEXT(Requirements!B12-M58,"0.##")&"; ",""))) -> Airway 3; Cardiovascular 4; Medical 2; PAHT 1; SVAT 1; CPR/AED 1;
A59: Durbin, Chris | B59: 1115222 | C59: 46387 | D59: =IF(C59="","",DATE(YEAR(C59)-1,1,1)) -> 45658 | E59: =IF(C59="","",DATE(YEAR(C59),12,31)) -> 46387 | F59: =IF(OR(A59="",C59=""),"",SUMPRODUCT(('Training Detail'!$A$5:$A$5000=A59)*('Training Detail'!$M$5:$M$5000=Standards!A2)*('Training Detail'!$G$5:$G$5000>=D59)*('Training Detail'!$G$5:$G$5000<=E59)*('Training Detail'!$P$5:$P$5000))) -> 4 | G59: =IF(OR(A59="",C59=""),"",SUMPRODUCT(('Training Detail'!$A$5:$A$5000=A59)*('Training Detail'!$M$5:$M$5000=Standards!A3)*('Training Detail'!$G$5:$G$5000>=D59)*('Training Detail'!$G$5:$G$5000<=E59)*('Training Detail'!$P$5:$P$5000))) -> 5 | H59: =IF(OR(A59="",C59=""),"",SUMPRODUCT(('Training Detail'!$A$5:$A$5000=A59)*('Training Detail'!$M$5:$M$5000=Standards!A4)*('Training Detail'!$G$5:$G$5000>=D59)*('Training Detail'!$G$5:$G$5000<=E59)*('Training Detail'!$P$5:$P$5000))) -> 9.5 | I59: =IF(OR(A59="",C59=""),"",SUMPRODUCT(('Training Detail'!$A$5:$A$5000=A59)*('Training Detail'!$M$5:$M$5000=Standards!A5)*('Training Detail'!$G$5:$G$5000>=D59)*('Training Detail'!$G$5:$G$5000<=E59)*('Training Detail'!$P$5:$P$5000))) -> 8.5 | J59: =IF(OR(A59="",C59=""),"",SUMPRODUCT(('Training Detail'!$A$5:$A$5000=A59)*('Training Detail'!$M$5:$M$5000=Standards!A6)*('Training Detail'!$G$5:$G$5000>=D59)*('Training Detail'!$G$5:$G$5000<=E59)*('Training Detail'!$P$5:$P$5000))) -> 0 | K59: =IF(OR(A59="",C59=""),"",SUMPRODUCT(('Training Detail'!$A$5:$A$5000=A59)*('Training Detail'!$M$5:$M$5000=Standards!A7)*('Training Detail'!$G$5:$G$5000>=D59)*('Training Detail'!$G$5:$G$5000<=E59)*('Training Detail'!$P$5:$P$5000))) -> 1 | L59: =IF(OR(A59="",C59=""),"",SUMPRODUCT(('Training Detail'!$A$5:$A$5000=A59)*('Training Detail'!$M$5:$M$5000=Standards!A8)*('Training Detail'!$G$5:$G$5000>=D59)*('Training Detail'!$G$5:$G$5000<=E59)*('Training Detail'!$P$5:$P$5000))) -> 1 | M59: =IF(OR(A59="",C59=""),"",SUMPRODUCT(('Training Detail'!$A$5:$A$5000=A59)*('Training Detail'!$M$5:$M$5000=Standards!A9)*('Training Detail'!$G$5:$G$5000>=D59)*('Training Detail'!$G$5:$G$5000<=E59)*('Training Detail'!$P$5:$P$5000))) -> 0 | N59: =IF(A59="","",IF(C59="","Set exp date",IF(AND(F59>=Requirements!B5,G59>=Requirements!B6,H59>=Requirements!B7,I59>=Requirements!B8,J59>=Requirements!B9,K59>=Requirements!B10,L59>=Requirements!B11,M59>=Requirements!B12),"Met","Short"))) -> Short | O59: =IF(OR(A59="",C59=""),"",IF(N59="Met","",IF(F59<Requirements!B5,Requirements!A5&" "&TEXT(Requirements!B5-F59,"0.##")&"; ","")&IF(G59<Requirements!B6,Requirements!A6&" "&TEXT(Requirements!B6-G59,"0.##")&"; ","")&IF(H59<Requirements!B7,Requirements!A7&" "&TEXT(Requirements!B7-H59,"0.##")&"; ","")&IF(I59<Requirements!B8,Requirements!A8&" "&TEXT(Requirements!B8-I59,"0.##")&"; ","")&IF(J59<Requirements!B9,Requirements!A9&" "&TEXT(Requirements!B9-J59,"0.##")&"; ","")&IF(K59<Requirements!B10,Requirements!A10&" "&TEXT(Requirements!B10-K59,"0.##")&"; ","")&IF(L59<Requirements!B11,Requirements!A11&" "&TEXT(Requirements!B11-L59,"0.##")&"; ","")&IF(M59<Requirements!B12,Requirements!A12&" "&TEXT(Requirements!B12-M59,"0.##")&"; ",""))) -> Operations 2; CPR/AED 1;
A60: Dylan, Matthew | B60: 1058333 | C60: 46387 | D60: =IF(C60="","",DATE(YEAR(C60)-1,1,1)) -> 45658 | E60: =IF(C60="","",DATE(YEAR(C60),12,31)) -> 46387 | F60: =IF(OR(A60="",C60=""),"",SUMPRODUCT(('Training Detail'!$A$5:$A$5000=A60)*('Training Detail'!$M$5:$M$5000=Standards!A2)*('Training Detail'!$G$5:$G$5000>=D60)*('Training Detail'!$G$5:$G$5000<=E60)*('Training Detail'!$P$5:$P$5000))) -> 1 | G60: =IF(OR(A60="",C60=""),"",SUMPRODUCT(('Training Detail'!$A$5:$A$5000=A60)*('Training Detail'!$M$5:$M$5000=Standards!A3)*('Training Detail'!$G$5:$G$5000>=D60)*('Training Detail'!$G$5:$G$5000<=E60)*('Training Detail'!$P$5:$P$5000))) -> 2 | H60: =IF(OR(A60="",C60=""),"",SUMPRODUCT(('Training Detail'!$A$5:$A$5000=A60)*('Training Detail'!$M$5:$M$5000=Standards!A4)*('Training Detail'!$G$5:$G$5000>=D60)*('Training Detail'!$G$5:$G$5000<=E60)*('Training Detail'!$P$5:$P$5000))) -> 6 | I60: =IF(OR(A60="",C60=""),"",SUMPRODUCT(('Training Detail'!$A$5:$A$5000=A60)*('Training Detail'!$M$5:$M$5000=Standards!A5)*('Training Detail'!$G$5:$G$5000>=D60)*('Training Detail'!$G$5:$G$5000<=E60)*('Training Detail'!$P$5:$P$5000))) -> 3 | J60: =IF(OR(A60="",C60=""),"",SUMPRODUCT(('Training Detail'!$A$5:$A$5000=A60)*('Training Detail'!$M$5:$M$5000=Standards!A6)*('Training Detail'!$G$5:$G$5000>=D60)*('Training Detail'!$G$5:$G$5000<=E60)*('Training Detail'!$P$5:$P$5000))) -> 6 | K60: =IF(OR(A60="",C60=""),"",SUMPRODUCT(('Training Detail'!$A$5:$A$5000=A60)*('Training Detail'!$M$5:$M$5000=Standards!A7)*('Training Detail'!$G$5:$G$5000>=D60)*('Training Detail'!$G$5:$G$5000<=E60)*('Training Detail'!$P$5:$P$5000))) -> 1 | L60: =IF(OR(A60="",C60=""),"",SUMPRODUCT(('Training Detail'!$A$5:$A$5000=A60)*('Training Detail'!$M$5:$M$5000=Standards!A8)*('Training Detail'!$G$5:$G$5000>=D60)*('Training Detail'!$G$5:$G$5000<=E60)*('Training Detail'!$P$5:$P$5000))) -> 1 | M60: =IF(OR(A60="",C60=""),"",SUMPRODUCT(('Training Detail'!$A$5:$A$5000=A60)*('Training Detail'!$M$5:$M$5000=Standards!A9)*('Training Detail'!$G$5:$G$5000>=D60)*('Training Detail'!$G$5:$G$5000<=E60)*('Training Detail'!$P$5:$P$5000))) -> 10 | N60: =IF(A60="","",IF(C60="","Set exp date",IF(AND(F60>=Requirements!B5,G60>=Requirements!B6,H60>=Requirements!B7,I60>=Requirements!B8,J60>=Requirements!B9,K60>=Requirements!B10,L60>=Requirements!B11,M60>=Requirements!B12),"Met","Short"))) -> Short | O60: =IF(OR(A60="",C60=""),"",IF(N60="Met","",IF(F60<Requirements!B5,Requirements!A5&" "&TEXT(Requirements!B5-F60,"0.##")&"; ","")&IF(G60<Requirements!B6,Requirements!A6&" "&TEXT(Requirements!B6-G60,"0.##")&"; ","")&IF(H60<Requirements!B7,Requirements!A7&" "&TEXT(Requirements!B7-H60,"0.##")&"; ","")&IF(I60<Requirements!B8,Requirements!A8&" "&TEXT(Requirements!B8-I60,"0.##")&"; ","")&IF(J60<Requirements!B9,Requirements!A9&" "&TEXT(Requirements!B9-J60,"0.##")&"; ","")&IF(K60<Requirements!B10,Requirements!A10&" "&TEXT(Requirements!B10-K60,"0.##")&"; ","")&IF(L60<Requirements!B11,Requirements!A11&" "&TEXT(Requirements!B11-L60,"0.##")&"; ","")&IF(M60<Requirements!B12,Requirements!A12&" "&TEXT(Requirements!B12-M60,"0.##")&"; ",""))) -> Airway 3; Cardiovascular 3; Medical 3;
A61: Embrey, John | B61: 1127820 | C61: 46752 | D61: =IF(C61="","",DATE(YEAR(C61)-1,1,1)) -> 46023 | E61: =IF(C61="","",DATE(YEAR(C61),12,31)) -> 46752 | F61: =IF(OR(A61="",C61=""),"",SUMPRODUCT(('Training Detail'!$A$5:$A$5000=A61)*('Training Detail'!$M$5:$M$5000=Standards!A2)*('Training Detail'!$G$5:$G$5000>=D61)*('Training Detail'!$G$5:$G$5000<=E61)*('Training Detail'!$P$5:$P$5000))) -> 1 | G61: =IF(OR(A61="",C61=""),"",SUMPRODUCT(('Training Detail'!$A$5:$A$5000=A61)*('Training Detail'!$M$5:$M$5000=Standards!A3)*('Training Detail'!$G$5:$G$5000>=D61)*('Training Detail'!$G$5:$G$5000<=E61)*('Training Detail'!$P$5:$P$5000))) -> 0 | H61: =IF(OR(A61="",C61=""),"",SUMPRODUCT(('Training Detail'!$A$5:$A$5000=A61)*('Training Detail'!$M$5:$M$5000=Standards!A4)*('Training Detail'!$G$5:$G$5000>=D61)*('Training Detail'!$G$5:$G$5000<=E61)*('Training Detail'!$P$5:$P$5000))) -> 5 | I61: =IF(OR(A61="",C61=""),"",SUMPRODUCT(('Training Detail'!$A$5:$A$5000=A61)*('Training Detail'!$M$5:$M$5000=Standards!A5)*('Training Detail'!$G$5:$G$5000>=D61)*('Training Detail'!$G$5:$G$5000<=E61)*('Training Detail'!$P$5:$P$5000))) -> 7 | J61: =IF(OR(A61="",C61=""),"",SUMPRODUCT(('Training Detail'!$A$5:$A$5000=A61)*('Training Detail'!$M$5:$M$5000=Standards!A6)*('Training Detail'!$G$5:$G$5000>=D61)*('Training Detail'!$G$5:$G$5000<=E61)*('Training Detail'!$P$5:$P$5000))) -> 1 | K61: =IF(OR(A61="",C61=""),"",SUMPRODUCT(('Training Detail'!$A$5:$A$5000=A61)*('Training Detail'!$M$5:$M$5000=Standards!A7)*('Training Detail'!$G$5:$G$5000>=D61)*('Training Detail'!$G$5:$G$5000<=E61)*('Training Detail'!$P$5:$P$5000))) -> 0 | L61: =IF(OR(A61="",C61=""),"",SUMPRODUCT(('Training Detail'!$A$5:$A$5000=A61)*('Training Detail'!$M$5:$M$5000=Standards!A8)*('Training Detail'!$G$5:$G$5000>=D61)*('Training Detail'!$G$5:$G$5000<=E61)*('Training Detail'!$P$5:$P$5000))) -> 0 | M61: =IF(OR(A61="",C61=""),"",SUMPRODUCT(('Training Detail'!$A$5:$A$5000=A61)*('Training Detail'!$M$5:$M$5000=Standards!A9)*('Training Detail'!$G$5:$G$5000>=D61)*('Training Detail'!$G$5:$G$5000<=E61)*('Training Detail'!$P$5:$P$5000))) -> 0 | N61: =IF(A61="","",IF(C61="","Set exp date",IF(AND(F61>=Requirements!B5,G61>=Requirements!B6,H61>=Requirements!B7,I61>=Requirements!B8,J61>=Requirements!B9,K61>=Requirements!B10,L61>=Requirements!B11,M61>=Requirements!B12),"Met","Short"))) -> Short | O61: =IF(OR(A61="",C61=""),"",IF(N61="Met","",IF(F61<Requirements!B5,Requirements!A5&" "&TEXT(Requirements!B5-F61,"0.##")&"; ","")&IF(G61<Requirements!B6,Requirements!A6&" "&TEXT(Requirements!B6-G61,"0.##")&"; ","")&IF(H61<Requirements!B7,Requirements!A7&" "&TEXT(Requirements!B7-H61,"0.##")&"; ","")&IF(I61<Requirements!B8,Requirements!A8&" "&TEXT(Requirements!B8-I61,"0.##")&"; ","")&IF(J61<Requirements!B9,Requirements!A9&" "&TEXT(Requirements!B9-J61,"0.##")&"; ","")&IF(K61<Requirements!B10,Requirements!A10&" "&TEXT(Requirements!B10-K61,"0.##")&"; ","")&IF(L61<Requirements!B11,Requirements!A11&" "&TEXT(Requirements!B11-L61,"0.##")&"; ","")&IF(M61<Requirements!B12,Requirements!A12&" "&TEXT(Requirements!B12-M61,"0.##")&"; ",""))) -> Airway 3; Cardiovascular 5; Operations 1; PAHT 1; SVAT 1; CPR/AED 1;
A62: Embry, Andy | B62: 1052315 | C62: 46752 | D62: =IF(C62="","",DATE(YEAR(C62)-1,1,1)) -> 46023 | E62: =IF(C62="","",DATE(YEAR(C62),12,31)) -> 46752 | F62: =IF(OR(A62="",C62=""),"",SUMPRODUCT(('Training Detail'!$A$5:$A$5000=A62)*('Training Detail'!$M$5:$M$5000=Standards!A2)*('Training Detail'!$G$5:$G$5000>=D62)*('Training Detail'!$G$5:$G$5000<=E62)*('Training Detail'!$P$5:$P$5000))) -> 0 | G62: =IF(OR(A62="",C62=""),"",SUMPRODUCT(('Training Detail'!$A$5:$A$5000=A62)*('Training Detail'!$M$5:$M$5000=Standards!A3)*('Training Detail'!$G$5:$G$5000>=D62)*('Training Detail'!$G$5:$G$5000<=E62)*('Training Detail'!$P$5:$P$5000))) -> 0 | H62: =IF(OR(A62="",C62=""),"",SUMPRODUCT(('Training Detail'!$A$5:$A$5000=A62)*('Training Detail'!$M$5:$M$5000=Standards!A4)*('Training Detail'!$G$5:$G$5000>=D62)*('Training Detail'!$G$5:$G$5000<=E62)*('Training Detail'!$P$5:$P$5000))) -> 3 | I62: =IF(OR(A62="",C62=""),"",SUMPRODUCT(('Training Detail'!$A$5:$A$5000=A62)*('Training Detail'!$M$5:$M$5000=Standards!A5)*('Training Detail'!$G$5:$G$5000>=D62)*('Training Detail'!$G$5:$G$5000<=E62)*('Training Detail'!$P$5:$P$5000))) -> 3 | J62: =IF(OR(A62="",C62=""),"",SUMPRODUCT(('Training Detail'!$A$5:$A$5000=A62)*('Training Detail'!$M$5:$M$5000=Standards!A6)*('Training Detail'!$G$5:$G$5000>=D62)*('Training Detail'!$G$5:$G$5000<=E62)*('Training Detail'!$P$5:$P$5000))) -> 1 | K62: =IF(OR(A62="",C62=""),"",SUMPRODUCT(('Training Detail'!$A$5:$A$5000=A62)*('Training Detail'!$M$5:$M$5000=Standards!A7)*('Training Detail'!$G$5:$G$5000>=D62)*('Training Detail'!$G$5:$G$5000<=E62)*('Training Detail'!$P$5:$P$5000))) -> 0 | L62: =IF(OR(A62="",C62=""),"",SUMPRODUCT(('Training Detail'!$A$5:$A$5000=A62)*('Training Detail'!$M$5:$M$5000=Standards!A8)*('Training Detail'!$G$5:$G$5000>=D62)*('Training Detail'!$G$5:$G$5000<=E62)*('Training Detail'!$P$5:$P$5000))) -> 1 | M62: =IF(OR(A62="",C62=""),"",SUMPRODUCT(('Training Detail'!$A$5:$A$5000=A62)*('Training Detail'!$M$5:$M$5000=Standards!A9)*('Training Detail'!$G$5:$G$5000>=D62)*('Training Detail'!$G$5:$G$5000<=E62)*('Training Detail'!$P$5:$P$5000))) -> 1 | N62: =IF(A62="","",IF(C62="","Set exp date",IF(AND(F62>=Requirements!B5,G62>=Requirements!B6,H62>=Requirements!B7,I62>=Requirements!B8,J62>=Requirements!B9,K62>=Requirements!B10,L62>=Requirements!B11,M62>=Requirements!B12),"Met","Short"))) -> Short | O62: =IF(OR(A62="",C62=""),"",IF(N62="Met","",IF(F62<Requirements!B5,Requirements!A5&" "&TEXT(Requirements!B5-F62,"0.##")&"; ","")&IF(G62<Requirements!B6,Requirements!A6&" "&TEXT(Requirements!B6-G62,"0.##")&"; ","")&IF(H62<Requirements!B7,Requirements!A7&" "&TEXT(Requirements!B7-H62,"0.##")&"; ","")&IF(I62<Requirements!B8,Requirements!A8&" "&TEXT(Requirements!B8-I62,"0.##")&"; ","")&IF(J62<Requirements!B9,Requirements!A9&" "&TEXT(Requirements!B9-J62,"0.##")&"; ","")&IF(K62<Requirements!B10,Requirements!A10&" "&TEXT(Requirements!B10-K62,"0.##")&"; ","")&IF(L62<Requirements!B11,Requirements!A11&" "&TEXT(Requirements!B11-L62,"0.##")&"; ","")&IF(M62<Requirements!B12,Requirements!A12&" "&TEXT(Requirements!B12-M62,"0.##")&"; ",""))) -> Airway 4; Cardiovascular 5; Medical 3; Operations 1; PAHT 1;
A63: Ennis, Chad | B63: 1107657 | C63: 46387 | D63: =IF(C63="","",DATE(YEAR(C63)-1,1,1)) -> 45658 | E63: =IF(C63="","",DATE(YEAR(C63),12,31)) -> 46387 | F63: =IF(OR(A63="",C63=""),"",SUMPRODUCT(('Training Detail'!$A$5:$A$5000=A63)*('Training Detail'!$M$5:$M$5000=Standards!A2)*('Training Detail'!$G$5:$G$5000>=D63)*('Training Detail'!$G$5:$G$5000<=E63)*('Training Detail'!$P$5:$P$5000))) -> 2 | G63: =IF(OR(A63="",C63=""),"",SUMPRODUCT(('Training Detail'!$A$5:$A$5000=A63)*('Training Detail'!$M$5:$M$5000=Standards!A3)*('Training Detail'!$G$5:$G$5000>=D63)*('Training Detail'!$G$5:$G$5000<=E63)*('Training Detail'!$P$5:$P$5000))) -> 0.5 | H63: =IF(OR(A63="",C63=""),"",SUMPRODUCT(('Training Detail'!$A$5:$A$5000=A63)*('Training Detail'!$M$5:$M$5000=Standards!A4)*('Training Detail'!$G$5:$G$5000>=D63)*('Training Detail'!$G$5:$G$5000<=E63)*('Training Detail'!$P$5:$P$5000))) -> 3 | I63: =IF(OR(A63="",C63=""),"",SUMPRODUCT(('Training Detail'!$A$5:$A$5000=A63)*('Training Detail'!$M$5:$M$5000=Standards!A5)*('Training Detail'!$G$5:$G$5000>=D63)*('Training Detail'!$G$5:$G$5000<=E63)*('Training Detail'!$P$5:$P$5000))) -> 4 | J63: =IF(OR(A63="",C63=""),"",SUMPRODUCT(('Training Detail'!$A$5:$A$5000=A63)*('Training Detail'!$M$5:$M$5000=Standards!A6)*('Training Detail'!$G$5:$G$5000>=D63)*('Training Detail'!$G$5:$G$5000<=E63)*('Training Detail'!$P$5:$P$5000))) -> 3 | K63: =IF(OR(A63="",C63=""),"",SUMPRODUCT(('Training Detail'!$A$5:$A$5000=A63)*('Training Detail'!$M$5:$M$5000=Standards!A7)*('Training Detail'!$G$5:$G$5000>=D63)*('Training Detail'!$G$5:$G$5000<=E63)*('Training Detail'!$P$5:$P$5000))) -> 0 | L63: =IF(OR(A63="",C63=""),"",SUMPRODUCT(('Training Detail'!$A$5:$A$5000=A63)*('Training Detail'!$M$5:$M$5000=Standards!A8)*('Training Detail'!$G$5:$G$5000>=D63)*('Training Detail'!$G$5:$G$5000<=E63)*('Training Detail'!$P$5:$P$5000))) -> 0 | M63: =IF(OR(A63="",C63=""),"",SUMPRODUCT(('Training Detail'!$A$5:$A$5000=A63)*('Training Detail'!$M$5:$M$5000=Standards!A9)*('Training Detail'!$G$5:$G$5000>=D63)*('Training Detail'!$G$5:$G$5000<=E63)*('Training Detail'!$P$5:$P$5000))) -> 0 | N63: =IF(A63="","",IF(C63="","Set exp date",IF(AND(F63>=Requirements!B5,G63>=Requirements!B6,H63>=Requirements!B7,I63>=Requirements!B8,J63>=Requirements!B9,K63>=Requirements!B10,L63>=Requirements!B11,M63>=Requirements!B12),"Met","Short"))) -> Short | O63: =IF(OR(A63="",C63=""),"",IF(N63="Met","",IF(F63<Requirements!B5,Requirements!A5&" "&TEXT(Requirements!B5-F63,"0.##")&"; ","")&IF(G63<Requirements!B6,Requirements!A6&" "&TEXT(Requirements!B6-G63,"0.##")&"; ","")&IF(H63<Requirements!B7,Requirements!A7&" "&TEXT(Requirements!B7-H63,"0.##")&"; ","")&IF(I63<Requirements!B8,Requirements!A8&" "&TEXT(Requirements!B8-I63,"0.##")&"; ","")&IF(J63<Requirements!B9,Requirements!A9&" "&TEXT(Requirements!B9-J63,"0.##")&"; ","")&IF(K63<Requirements!B10,Requirements!A10&" "&TEXT(Requirements!B10-K63,"0.##")&"; ","")&IF(L63<Requirements!B11,Requirements!A11&" "&TEXT(Requirements!B11-L63,"0.##")&"; ","")&IF(M63<Requirements!B12,Requirements!A12&" "&TEXT(Requirements!B12-M63,"0.##")&"; ",""))) -> Airway 2; Cardiovascular 4.5; Medical 2; PAHT 1; SVAT 1; CPR/AED 1;
A64: Estes, Stephen | B64: 1121565 | C64: 46387 | D64: =IF(C64="","",DATE(YEAR(C64)-1,1,1)) -> 45658 | E64: =IF(C64="","",DATE(YEAR(C64),12,31)) -> 46387 | F64: =IF(OR(A64="",C64=""),"",SUMPRODUCT(('Training Detail'!$A$5:$A$5000=A64)*('Training Detail'!$M$5:$M$5000=Standards!A2)*('Training Detail'!$G$5:$G$5000>=D64)*('Training Detail'!$G$5:$G$5000<=E64)*('Training Detail'!$P$5:$P$5000))) -> 1 | G64: =IF(OR(A64="",C64=""),"",SUMPRODUCT(('Training Detail'!$A$5:$A$5000=A64)*('Training Detail'!$M$5:$M$5000=Standards!A3)*('Training Detail'!$G$5:$G$5000>=D64)*('Training Detail'!$G$5:$G$5000<=E64)*('Training Detail'!$P$5:$P$5000))) -> 1 | H64: =IF(OR(A64="",C64=""),"",SUMPRODUCT(('Training Detail'!$A$5:$A$5000=A64)*('Training Detail'!$M$5:$M$5000=Standards!A4)*('Training Detail'!$G$5:$G$5000>=D64)*('Training Detail'!$G$5:$G$5000<=E64)*('Training Detail'!$P$5:$P$5000))) -> 3 | I64: =IF(OR(A64="",C64=""),"",SUMPRODUCT(('Training Detail'!$A$5:$A$5000=A64)*('Training Detail'!$M$5:$M$5000=Standards!A5)*('Training Detail'!$G$5:$G$5000>=D64)*('Training Detail'!$G$5:$G$5000<=E64)*('Training Detail'!$P$5:$P$5000))) -> 2.5 | J64: =IF(OR(A64="",C64=""),"",SUMPRODUCT(('Training Detail'!$A$5:$A$5000=A64)*('Training Detail'!$M$5:$M$5000=Standards!A6)*('Training Detail'!$G$5:$G$5000>=D64)*('Training Detail'!$G$5:$G$5000<=E64)*('Training Detail'!$P$5:$P$5000))) -> 4 | K64: =IF(OR(A64="",C64=""),"",SUMPRODUCT(('Training Detail'!$A$5:$A$5000=A64)*('Training Detail'!$M$5:$M$5000=Standards!A7)*('Training Detail'!$G$5:$G$5000>=D64)*('Training Detail'!$G$5:$G$5000<=E64)*('Training Detail'!$P$5:$P$5000))) -> 1 | L64: =IF(OR(A64="",C64=""),"",SUMPRODUCT(('Training Detail'!$A$5:$A$5000=A64)*('Training Detail'!$M$5:$M$5000=Standards!A8)*('Training Detail'!$G$5:$G$5000>=D64)*('Training Detail'!$G$5:$G$5000<=E64)*('Training Detail'!$P$5:$P$5000))) -> 0 | M64: =IF(OR(A64="",C64=""),"",SUMPRODUCT(('Training Detail'!$A$5:$A$5000=A64)*('Training Detail'!$M$5:$M$5000=Standards!A9)*('Training Detail'!$G$5:$G$5000>=D64)*('Training Detail'!$G$5:$G$5000<=E64)*('Training Detail'!$P$5:$P$5000))) -> 0 | N64: =IF(A64="","",IF(C64="","Set exp date",IF(AND(F64>=Requirements!B5,G64>=Requirements!B6,H64>=Requirements!B7,I64>=Requirements!B8,J64>=Requirements!B9,K64>=Requirements!B10,L64>=Requirements!B11,M64>=Requirements!B12),"Met","Short"))) -> Short | O64: =IF(OR(A64="",C64=""),"",IF(N64="Met","",IF(F64<Requirements!B5,Requirements!A5&" "&TEXT(Requirements!B5-F64,"0.##")&"; ","")&IF(G64<Requirements!B6,Requirements!A6&" "&TEXT(Requirements!B6-G64,"0.##")&"; ","")&IF(H64<Requirements!B7,Requirements!A7&" "&TEXT(Requirements!B7-H64,"0.##")&"; ","")&IF(I64<Requirements!B8,Requirements!A8&" "&TEXT(Requirements!B8-I64,"0.##")&"; ","")&IF(J64<Requirements!B9,Requirements!A9&" "&TEXT(Requirements!B9-J64,"0.##")&"; ","")&IF(K64<Requirements!B10,Requirements!A10&" "&TEXT(Requirements!B10-K64,"0.##")&"; ","")&IF(L64<Requirements!B11,Requirements!A11&" "&TEXT(Requirements!B11-L64,"0.##")&"; ","")&IF(M64<Requirements!B12,Requirements!A12&" "&TEXT(Requirements!B12-M64,"0.##")&"; ",""))) -> Airway 3; Cardiovascular 4; Medical 3.5; SVAT 1; CPR/AED 1;
A65: Ferguson, Matt | B65: 1049131 | C65: 46387 | D65: =IF(C65="","",DATE(YEAR(C65)-1,1,1)) -> 45658 | E65: =IF(C65="","",DATE(YEAR(C65),12,31)) -> 46387 | F65: =IF(OR(A65="",C65=""),"",SUMPRODUCT(('Training Detail'!$A$5:$A$5000=A65)*('Training Detail'!$M$5:$M$5000=Standards!A2)*('Training Detail'!$G$5:$G$5000>=D65)*('Training Detail'!$G$5:$G$5000<=E65)*('Training Detail'!$P$5:$P$5000))) -> 2.5 | G65: =IF(OR(A65="",C65=""),"",SUMPRODUCT(('Training Detail'!$A$5:$A$5000=A65)*('Training Detail'!$M$5:$M$5000=Standards!A3)*('Training Detail'!$G$5:$G$5000>=D65)*('Training Detail'!$G$5:$G$5000<=E65)*('Training Detail'!$P$5:$P$5000))) -> 1 | H65: =IF(OR(A65="",C65=""),"",SUMPRODUCT(('Training Detail'!$A$5:$A$5000=A65)*('Training Detail'!$M$5:$M$5000=Standards!A4)*('Training Detail'!$G$5:$G$5000>=D65)*('Training Detail'!$G$5:$G$5000<=E65)*('Training Detail'!$P$5:$P$5000))) -> 8.5 | I65: =IF(OR(A65="",C65=""),"",SUMPRODUCT(('Training Detail'!$A$5:$A$5000=A65)*('Training Detail'!$M$5:$M$5000=Standards!A5)*('Training Detail'!$G$5:$G$5000>=D65)*('Training Detail'!$G$5:$G$5000<=E65)*('Training Detail'!$P$5:$P$5000))) -> 4 | J65: =IF(OR(A65="",C65=""),"",SUMPRODUCT(('Training Detail'!$A$5:$A$5000=A65)*('Training Detail'!$M$5:$M$5000=Standards!A6)*('Training Detail'!$G$5:$G$5000>=D65)*('Training Detail'!$G$5:$G$5000<=E65)*('Training Detail'!$P$5:$P$5000))) -> 1 | K65: =IF(OR(A65="",C65=""),"",SUMPRODUCT(('Training Detail'!$A$5:$A$5000=A65)*('Training Detail'!$M$5:$M$5000=Standards!A7)*('Training Detail'!$G$5:$G$5000>=D65)*('Training Detail'!$G$5:$G$5000<=E65)*('Training Detail'!$P$5:$P$5000))) -> 0 | L65: =IF(OR(A65="",C65=""),"",SUMPRODUCT(('Training Detail'!$A$5:$A$5000=A65)*('Training Detail'!$M$5:$M$5000=Standards!A8)*('Training Detail'!$G$5:$G$5000>=D65)*('Training Detail'!$G$5:$G$5000<=E65)*('Training Detail'!$P$5:$P$5000))) -> 0 | M65: =IF(OR(A65="",C65=""),"",SUMPRODUCT(('Training Detail'!$A$5:$A$5000=A65)*('Training Detail'!$M$5:$M$5000=Standards!A9)*('Training Detail'!$G$5:$G$5000>=D65)*('Training Detail'!$G$5:$G$5000<=E65)*('Training Detail'!$P$5:$P$5000))) -> 2.5 | N65: =IF(A65="","",IF(C65="","Set exp date",IF(AND(F65>=Requirements!B5,G65>=Requirements!B6,H65>=Requirements!B7,I65>=Requirements!B8,J65>=Requirements!B9,K65>=Requirements!B10,L65>=Requirements!B11,M65>=Requirements!B12),"Met","Short"))) -> Short | O65: =IF(OR(A65="",C65=""),"",IF(N65="Met","",IF(F65<Requirements!B5,Requirements!A5&" "&TEXT(Requirements!B5-F65,"0.##")&"; ","")&IF(G65<Requirements!B6,Requirements!A6&" "&TEXT(Requirements!B6-G65,"0.##")&"; ","")&IF(H65<Requirements!B7,Requirements!A7&" "&TEXT(Requirements!B7-H65,"0.##")&"; ","")&IF(I65<Requirements!B8,Requirements!A8&" "&TEXT(Requirements!B8-I65,"0.##")&"; ","")&IF(J65<Requirements!B9,Requirements!A9&" "&TEXT(Requirements!B9-J65,"0.##")&"; ","")&IF(K65<Requirements!B10,Requirements!A10&" "&TEXT(Requirements!B10-K65,"0.##")&"; ","")&IF(L65<Requirements!B11,Requirements!A11&" "&TEXT(Requirements!B11-L65,"0.##")&"; ","")&IF(M65<Requirements!B12,Requirements!A12&" "&TEXT(Requirements!B12-M65,"0.##")&"; ",""))) -> Airway 1.5; Cardiovascular 4; Medical 2; Operations 1; PAHT 1; SVAT 1;
A66: Ferizovic, Esmir | B66: 1118121 | C66: 46387 | D66: =IF(C66="","",DATE(YEAR(C66)-1,1,1)) -> 45658 | E66: =IF(C66="","",DATE(YEAR(C66),12,31)) -> 46387 | F66: =IF(OR(A66="",C66=""),"",SUMPRODUCT(('Training Detail'!$A$5:$A$5000=A66)*('Training Detail'!$M$5:$M$5000=Standards!A2)*('Training Detail'!$G$5:$G$5000>=D66)*('Training Detail'!$G$5:$G$5000<=E66)*('Training Detail'!$P$5:$P$5000))) -> 2 | G66: =IF(OR(A66="",C66=""),"",SUMPRODUCT(('Training Detail'!$A$5:$A$5000=A66)*('Training Detail'!$M$5:$M$5000=Standards!A3)*('Training Detail'!$G$5:$G$5000>=D66)*('Training Detail'!$G$5:$G$5000<=E66)*('Training Detail'!$P$5:$P$5000))) -> 0 | H66: =IF(OR(A66="",C66=""),"",SUMPRODUCT(('Training Detail'!$A$5:$A$5000=A66)*('Training Detail'!$M$5:$M$5000=Standards!A4)*('Training Detail'!$G$5:$G$5000>=D66)*('Training Detail'!$G$5:$G$5000<=E66)*('Training Detail'!$P$5:$P$5000))) -> 4 | I66: =IF(OR(A66="",C66=""),"",SUMPRODUCT(('Training Detail'!$A$5:$A$5000=A66)*('Training Detail'!$M$5:$M$5000=Standards!A5)*('Training Detail'!$G$5:$G$5000>=D66)*('Training Detail'!$G$5:$G$5000<=E66)*('Training Detail'!$P$5:$P$5000))) -> 1.5 | J66: =IF(OR(A66="",C66=""),"",SUMPRODUCT(('Training Detail'!$A$5:$A$5000=A66)*('Training Detail'!$M$5:$M$5000=Standards!A6)*('Training Detail'!$G$5:$G$5000>=D66)*('Training Detail'!$G$5:$G$5000<=E66)*('Training Detail'!$P$5:$P$5000))) -> 2 | K66: =IF(OR(A66="",C66=""),"",SUMPRODUCT(('Training Detail'!$A$5:$A$5000=A66)*('Training Detail'!$M$5:$M$5000=Standards!A7)*('Training Detail'!$G$5:$G$5000>=D66)*('Training Detail'!$G$5:$G$5000<=E66)*('Training Detail'!$P$5:$P$5000))) -> 0 | L66: =IF(OR(A66="",C66=""),"",SUMPRODUCT(('Training Detail'!$A$5:$A$5000=A66)*('Training Detail'!$M$5:$M$5000=Standards!A8)*('Training Detail'!$G$5:$G$5000>=D66)*('Training Detail'!$G$5:$G$5000<=E66)*('Training Detail'!$P$5:$P$5000))) -> 0 | M66: =IF(OR(A66="",C66=""),"",SUMPRODUCT(('Training Detail'!$A$5:$A$5000=A66)*('Training Detail'!$M$5:$M$5000=Standards!A9)*('Training Detail'!$G$5:$G$5000>=D66)*('Training Detail'!$G$5:$G$5000<=E66)*('Training Detail'!$P$5:$P$5000))) -> 1 | N66: =IF(A66="","",IF(C66="","Set exp date",IF(AND(F66>=Requirements!B5,G66>=Requirements!B6,H66>=Requirements!B7,I66>=Requirements!B8,J66>=Requirements!B9,K66>=Requirements!B10,L66>=Requirements!B11,M66>=Requirements!B12),"Met","Short"))) -> Short | O66: =IF(OR(A66="",C66=""),"",IF(N66="Met","",IF(F66<Requirements!B5,Requirements!A5&" "&TEXT(Requirements!B5-F66,"0.##")&"; ","")&IF(G66<Requirements!B6,Requirements!A6&" "&TEXT(Requirements!B6-G66,"0.##")&"; ","")&IF(H66<Requirements!B7,Requirements!A7&" "&TEXT(Requirements!B7-H66,"0.##")&"; ","")&IF(I66<Requirements!B8,Requirements!A8&" "&TEXT(Requirements!B8-I66,"0.##")&"; ","")&IF(J66<Requirements!B9,Requirements!A9&" "&TEXT(Requirements!B9-J66,"0.##")&"; ","")&IF(K66<Requirements!B10,Requirements!A10&" "&TEXT(Requirements!B10-K66,"0.##")&"; ","")&IF(L66<Requirements!B11,Requirements!A11&" "&TEXT(Requirements!B11-L66,"0.##")&"; ","")&IF(M66<Requirements!B12,Requirements!A12&" "&TEXT(Requirements!B12-M66,"0.##")&"; ",""))) -> Airway 2; Cardiovascular 5; Medical 4.5; PAHT 1; SVAT 1;
A67: Flora, Greg | B67: 1048542 | C67: 46387 | D67: =IF(C67="","",DATE(YEAR(C67)-1,1,1)) -> 45658 | E67: =IF(C67="","",DATE(YEAR(C67),12,31)) -> 46387 | F67: =IF(OR(A67="",C67=""),"",SUMPRODUCT(('Training Detail'!$A$5:$A$5000=A67)*('Training Detail'!$M$5:$M$5000=Standards!A2)*('Training Detail'!$G$5:$G$5000>=D67)*('Training Detail'!$G$5:$G$5000<=E67)*('Training Detail'!$P$5:$P$5000))) -> 8 | G67: =IF(OR(A67="",C67=""),"",SUMPRODUCT(('Training Detail'!$A$5:$A$5000=A67)*('Training Detail'!$M$5:$M$5000=Standards!A3)*('Training Detail'!$G$5:$G$5000>=D67)*('Training Detail'!$G$5:$G$5000<=E67)*('Training Detail'!$P$5:$P$5000))) -> 9.5 | H67: =IF(OR(A67="",C67=""),"",SUMPRODUCT(('Training Detail'!$A$5:$A$5000=A67)*('Training Detail'!$M$5:$M$5000=Standards!A4)*('Training Detail'!$G$5:$G$5000>=D67)*('Training Detail'!$G$5:$G$5000<=E67)*('Training Detail'!$P$5:$P$5000))) -> 7 | I67: =IF(OR(A67="",C67=""),"",SUMPRODUCT(('Training Detail'!$A$5:$A$5000=A67)*('Training Detail'!$M$5:$M$5000=Standards!A5)*('Training Detail'!$G$5:$G$5000>=D67)*('Training Detail'!$G$5:$G$5000<=E67)*('Training Detail'!$P$5:$P$5000))) -> 13.5 | J67: =IF(OR(A67="",C67=""),"",SUMPRODUCT(('Training Detail'!$A$5:$A$5000=A67)*('Training Detail'!$M$5:$M$5000=Standards!A6)*('Training Detail'!$G$5:$G$5000>=D67)*('Training Detail'!$G$5:$G$5000<=E67)*('Training Detail'!$P$5:$P$5000))) -> 5 | K67: =IF(OR(A67="",C67=""),"",SUMPRODUCT(('Training Detail'!$A$5:$A$5000=A67)*('Training Detail'!$M$5:$M$5000=Standards!A7)*('Training Detail'!$G$5:$G$5000>=D67)*('Training Detail'!$G$5:$G$5000<=E67)*('Training Detail'!$P$5:$P$5000))) -> 0 | L67: =IF(OR(A67="",C67=""),"",SUMPRODUCT(('Training Detail'!$A$5:$A$5000=A67)*('Training Detail'!$M$5:$M$5000=Standards!A8)*('Training Detail'!$G$5:$G$5000>=D67)*('Training Detail'!$G$5:$G$5000<=E67)*('Training Detail'!$P$5:$P$5000))) -> 0 | M67: =IF(OR(A67="",C67=""),"",SUMPRODUCT(('Training Detail'!$A$5:$A$5000=A67)*('Training Detail'!$M$5:$M$5000=Standards!A9)*('Training Detail'!$G$5:$G$5000>=D67)*('Training Detail'!$G$5:$G$5000<=E67)*('Training Detail'!$P$5:$P$5000))) -> 0 | N67: =IF(A67="","",IF(C67="","Set exp date",IF(AND(F67>=Requirements!B5,G67>=Requirements!B6,H67>=Requirements!B7,I67>=Requirements!B8,J67>=Requirements!B9,K67>=Requirements!B10,L67>=Requirements!B11,M67>=Requirements!B12),"Met","Short"))) -> Short | O67: =IF(OR(A67="",C67=""),"",IF(N67="Met","",IF(F67<Requirements!B5,Requirements!A5&" "&TEXT(Requirements!B5-F67,"0.##")&"; ","")&IF(G67<Requirements!B6,Requirements!A6&" "&TEXT(Requirements!B6-G67,"0.##")&"; ","")&IF(H67<Requirements!B7,Requirements!A7&" "&TEXT(Requirements!B7-H67,"0.##")&"; ","")&IF(I67<Requirements!B8,Requirements!A8&" "&TEXT(Requirements!B8-I67,"0.##")&"; ","")&IF(J67<Requirements!B9,Requirements!A9&" "&TEXT(Requirements!B9-J67,"0.##")&"; ","")&IF(K67<Requirements!B10,Requirements!A10&" "&TEXT(Requirements!B10-K67,"0.##")&"; ","")&IF(L67<Requirements!B11,Requirements!A11&" "&TEXT(Requirements!B11-L67,"0.##")&"; ","")&IF(M67<Requirements!B12,Requirements!A12&" "&TEXT(Requirements!B12-M67,"0.##")&"; ",""))) -> PAHT 1; SVAT 1; CPR/AED 1;
A68: Fulton, Bryan | D68: =IF(C68="","",DATE(YEAR(C68)-1,1,1)) | E68: =IF(C68="","",DATE(YEAR(C68),12,31)) | F68: =IF(OR(A68="",C68=""),"",SUMPRODUCT(('Training Detail'!$A$5:$A$5000=A68)*('Training Detail'!$M$5:$M$5000=Standards!A2)*('Training Detail'!$G$5:$G$5000>=D68)*('Training Detail'!$G$5:$G$5000<=E68)*('Training Detail'!$P$5:$P$5000))) | G68: =IF(OR(A68="",C68=""),"",SUMPRODUCT(('Training Detail'!$A$5:$A$5000=A68)*('Training Detail'!$M$5:$M$5000=Standards!A3)*('Training Detail'!$G$5:$G$5000>=D68)*('Training Detail'!$G$5:$G$5000<=E68)*('Training Detail'!$P$5:$P$5000))) | H68: =IF(OR(A68="",C68=""),"",SUMPRODUCT(('Training Detail'!$A$5:$A$5000=A68)*('Training Detail'!$M$5:$M$5000=Standards!A4)*('Training Detail'!$G$5:$G$5000>=D68)*('Training Detail'!$G$5:$G$5000<=E68)*('Training Detail'!$P$5:$P$5000))) | I68: =IF(OR(A68="",C68=""),"",SUMPRODUCT(('Training Detail'!$A$5:$A$5000=A68)*('Training Detail'!$M$5:$M$5000=Standards!A5)*('Training Detail'!$G$5:$G$5000>=D68)*('Training Detail'!$G$5:$G$5000<=E68)*('Training Detail'!$P$5:$P$5000))) | J68: =IF(OR(A68="",C68=""),"",SUMPRODUCT(('Training Detail'!$A$5:$A$5000=A68)*('Training Detail'!$M$5:$M$5000=Standards!A6)*('Training Detail'!$G$5:$G$5000>=D68)*('Training Detail'!$G$5:$G$5000<=E68)*('Training Detail'!$P$5:$P$5000))) | K68: =IF(OR(A68="",C68=""),"",SUMPRODUCT(('Training Detail'!$A$5:$A$5000=A68)*('Training Detail'!$M$5:$M$5000=Standards!A7)*('Training Detail'!$G$5:$G$5000>=D68)*('Training Detail'!$G$5:$G$5000<=E68)*('Training Detail'!$P$5:$P$5000))) | L68: =IF(OR(A68="",C68=""),"",SUMPRODUCT(('Training Detail'!$A$5:$A$5000=A68)*('Training Detail'!$M$5:$M$5000=Standards!A8)*('Training Detail'!$G$5:$G$5000>=D68)*('Training Detail'!$G$5:$G$5000<=E68)*('Training Detail'!$P$5:$P$5000))) | M68: =IF(OR(A68="",C68=""),"",SUMPRODUCT(('Training Detail'!$A$5:$A$5000=A68)*('Training Detail'!$M$5:$M$5000=Standards!A9)*('Training Detail'!$G$5:$G$5000>=D68)*('Training Detail'!$G$5:$G$5000<=E68)*('Training Detail'!$P$5:$P$5000))) | N68: =IF(A68="","",IF(C68="","Set exp date",IF(AND(F68>=Requirements!B5,G68>=Requirements!B6,H68>=Requirements!B7,I68>=Requirements!B8,J68>=Requirements!B9,K68>=Requirements!B10,L68>=Requirements!B11,M68>=Requirements!B12),"Met","Short"))) -> Set exp date | O68: =IF(OR(A68="",C68=""),"",IF(N68="Met","",IF(F68<Requirements!B5,Requirements!A5&" "&TEXT(Requirements!B5-F68,"0.##")&"; ","")&IF(G68<Requirements!B6,Requirements!A6&" "&TEXT(Requirements!B6-G68,"0.##")&"; ","")&IF(H68<Requirements!B7,Requirements!A7&" "&TEXT(Requirements!B7-H68,"0.##")&"; ","")&IF(I68<Requirements!B8,Requirements!A8&" "&TEXT(Requirements!B8-I68,"0.##")&"; ","")&IF(J68<Requirements!B9,Requirements!A9&" "&TEXT(Requirements!B9-J68,"0.##")&"; ","")&IF(K68<Requirements!B10,Requirements!A10&" "&TEXT(Requirements!B10-K68,"0.##")&"; ","")&IF(L68<Requirements!B11,Requirements!A11&" "&TEXT(Requirements!B11-L68,"0.##")&"; ","")&IF(M68<Requirements!B12,Requirements!A12&" "&TEXT(Requirements!B12-M68,"0.##")&"; ","")))
A69: Gaoa, Solomona | B69: 1127699 | C69: 46752 | D69: =IF(C69="","",DATE(YEAR(C69)-1,1,1)) -> 46023 | E69: =IF(C69="","",DATE(YEAR(C69),12,31)) -> 46752 | F69: =IF(OR(A69="",C69=""),"",SUMPRODUCT(('Training Detail'!$A$5:$A$5000=A69)*('Training Detail'!$M$5:$M$5000=Standards!A2)*('Training Detail'!$G$5:$G$5000>=D69)*('Training Detail'!$G$5:$G$5000<=E69)*('Training Detail'!$P$5:$P$5000))) -> 0 | G69: =IF(OR(A69="",C69=""),"",SUMPRODUCT(('Training Detail'!$A$5:$A$5000=A69)*('Training Detail'!$M$5:$M$5000=Standards!A3)*('Training Detail'!$G$5:$G$5000>=D69)*('Training Detail'!$G$5:$G$5000<=E69)*('Training Detail'!$P$5:$P$5000))) -> 0 | H69: =IF(OR(A69="",C69=""),"",SUMPRODUCT(('Training Detail'!$A$5:$A$5000=A69)*('Training Detail'!$M$5:$M$5000=Standards!A4)*('Training Detail'!$G$5:$G$5000>=D69)*('Training Detail'!$G$5:$G$5000<=E69)*('Training Detail'!$P$5:$P$5000))) -> 2 | I69: =IF(OR(A69="",C69=""),"",SUMPRODUCT(('Training Detail'!$A$5:$A$5000=A69)*('Training Detail'!$M$5:$M$5000=Standards!A5)*('Training Detail'!$G$5:$G$5000>=D69)*('Training Detail'!$G$5:$G$5000<=E69)*('Training Detail'!$P$5:$P$5000))) -> 0 | J69: =IF(OR(A69="",C69=""),"",SUMPRODUCT(('Training Detail'!$A$5:$A$5000=A69)*('Training Detail'!$M$5:$M$5000=Standards!A6)*('Training Detail'!$G$5:$G$5000>=D69)*('Training Detail'!$G$5:$G$5000<=E69)*('Training Detail'!$P$5:$P$5000))) -> 2 | K69: =IF(OR(A69="",C69=""),"",SUMPRODUCT(('Training Detail'!$A$5:$A$5000=A69)*('Training Detail'!$M$5:$M$5000=Standards!A7)*('Training Detail'!$G$5:$G$5000>=D69)*('Training Detail'!$G$5:$G$5000<=E69)*('Training Detail'!$P$5:$P$5000))) -> 0 | L69: =IF(OR(A69="",C69=""),"",SUMPRODUCT(('Training Detail'!$A$5:$A$5000=A69)*('Training Detail'!$M$5:$M$5000=Standards!A8)*('Training Detail'!$G$5:$G$5000>=D69)*('Training Detail'!$G$5:$G$5000<=E69)*('Training Detail'!$P$5:$P$5000))) -> 0 | M69: =IF(OR(A69="",C69=""),"",SUMPRODUCT(('Training Detail'!$A$5:$A$5000=A69)*('Training Detail'!$M$5:$M$5000=Standards!A9)*('Training Detail'!$G$5:$G$5000>=D69)*('Training Detail'!$G$5:$G$5000<=E69)*('Training Detail'!$P$5:$P$5000))) -> 0 | N69: =IF(A69="","",IF(C69="","Set exp date",IF(AND(F69>=Requirements!B5,G69>=Requirements!B6,H69>=Requirements!B7,I69>=Requirements!B8,J69>=Requirements!B9,K69>=Requirements!B10,L69>=Requirements!B11,M69>=Requirements!B12),"Met","Short"))) -> Short | O69: =IF(OR(A69="",C69=""),"",IF(N69="Met","",IF(F69<Requirements!B5,Requirements!A5&" "&TEXT(Requirements!B5-F69,"0.##")&"; ","")&IF(G69<Requirements!B6,Requirements!A6&" "&TEXT(Requirements!B6-G69,"0.##")&"; ","")&IF(H69<Requirements!B7,Requirements!A7&" "&TEXT(Requirements!B7-H69,"0.##")&"; ","")&IF(I69<Requirements!B8,Requirements!A8&" "&TEXT(Requirements!B8-I69,"0.##")&"; ","")&IF(J69<Requirements!B9,Requirements!A9&" "&TEXT(Requirements!B9-J69,"0.##")&"; ","")&IF(K69<Requirements!B10,Requirements!A10&" "&TEXT(Requirements!B10-K69,"0.##")&"; ","")&IF(L69<Requirements!B11,Requirements!A11&" "&TEXT(Requirements!B11-L69,"0.##")&"; ","")&IF(M69<Requirements!B12,Requirements!A12&" "&TEXT(Requirements!B12-M69,"0.##")&"; ",""))) -> Airway 4; Cardiovascular 5; Trauma 1; Medical 6; PAHT 1; SVAT 1; CPR/AED 1;
A70: Gentry, Justin | B70: 1122824 | C70: 46387 | D70: =IF(C70="","",DATE(YEAR(C70)-1,1,1)) -> 45658 | E70: =IF(C70="","",DATE(YEAR(C70),12,31)) -> 46387 | F70: =IF(OR(A70="",C70=""),"",SUMPRODUCT(('Training Detail'!$A$5:$A$5000=A70)*('Training Detail'!$M$5:$M$5000=Standards!A2)*('Training Detail'!$G$5:$G$5000>=D70)*('Training Detail'!$G$5:$G$5000<=E70)*('Training Detail'!$P$5:$P$5000))) -> 0 | G70: =IF(OR(A70="",C70=""),"",SUMPRODUCT(('Training Detail'!$A$5:$A$5000=A70)*('Training Detail'!$M$5:$M$5000=Standards!A3)*('Training Detail'!$G$5:$G$5000>=D70)*('Training Detail'!$G$5:$G$5000<=E70)*('Training Detail'!$P$5:$P$5000))) -> 4 | H70: =IF(OR(A70="",C70=""),"",SUMPRODUCT(('Training Detail'!$A$5:$A$5000=A70)*('Training Detail'!$M$5:$M$5000=Standards!A4)*('Training Detail'!$G$5:$G$5000>=D70)*('Training Detail'!$G$5:$G$5000<=E70)*('Training Detail'!$P$5:$P$5000))) -> 6 | I70: =IF(OR(A70="",C70=""),"",SUMPRODUCT(('Training Detail'!$A$5:$A$5000=A70)*('Training Detail'!$M$5:$M$5000=Standards!A5)*('Training Detail'!$G$5:$G$5000>=D70)*('Training Detail'!$G$5:$G$5000<=E70)*('Training Detail'!$P$5:$P$5000))) -> 4 | J70: =IF(OR(A70="",C70=""),"",SUMPRODUCT(('Training Detail'!$A$5:$A$5000=A70)*('Training Detail'!$M$5:$M$5000=Standards!A6)*('Training Detail'!$G$5:$G$5000>=D70)*('Training Detail'!$G$5:$G$5000<=E70)*('Training Detail'!$P$5:$P$5000))) -> 3 | K70: =IF(OR(A70="",C70=""),"",SUMPRODUCT(('Training Detail'!$A$5:$A$5000=A70)*('Training Detail'!$M$5:$M$5000=Standards!A7)*('Training Detail'!$G$5:$G$5000>=D70)*('Training Detail'!$G$5:$G$5000<=E70)*('Training Detail'!$P$5:$P$5000))) -> 0 | L70: =IF(OR(A70="",C70=""),"",SUMPRODUCT(('Training Detail'!$A$5:$A$5000=A70)*('Training Detail'!$M$5:$M$5000=Standards!A8)*('Training Detail'!$G$5:$G$5000>=D70)*('Training Detail'!$G$5:$G$5000<=E70)*('Training Detail'!$P$5:$P$5000))) -> 0 | M70: =IF(OR(A70="",C70=""),"",SUMPRODUCT(('Training Detail'!$A$5:$A$5000=A70)*('Training Detail'!$M$5:$M$5000=Standards!A9)*('Training Detail'!$G$5:$G$5000>=D70)*('Training Detail'!$G$5:$G$5000<=E70)*('Training Detail'!$P$5:$P$5000))) -> 0 | N70: =IF(A70="","",IF(C70="","Set exp date",IF(AND(F70>=Requirements!B5,G70>=Requirements!B6,H70>=Requirements!B7,I70>=Requirements!B8,J70>=Requirements!B9,K70>=Requirements!B10,L70>=Requirements!B11,M70>=Requirements!B12),"Met","Short"))) -> Short | O70: =IF(OR(A70="",C70=""),"",IF(N70="Met","",IF(F70<Requirements!B5,Requirements!A5&" "&TEXT(Requirements!B5-F70,"0.##")&"; ","")&IF(G70<Requirements!B6,Requirements!A6&" "&TEXT(Requirements!B6-G70,"0.##")&"; ","")&IF(H70<Requirements!B7,Requirements!A7&" "&TEXT(Requirements!B7-H70,"0.##")&"; ","")&IF(I70<Requirements!B8,Requirements!A8&" "&TEXT(Requirements!B8-I70,"0.##")&"; ","")&IF(J70<Requirements!B9,Requirements!A9&" "&TEXT(Requirements!B9-J70,"0.##")&"; ","")&IF(K70<Requirements!B10,Requirements!A10&" "&TEXT(Requirements!B10-K70,"0.##")&"; ","")&IF(L70<Requirements!B11,Requirements!A11&" "&TEXT(Requirements!B11-L70,"0.##")&"; ","")&IF(M70<Requirements!B12,Requirements!A12&" "&TEXT(Requirements!B12-M70,"0.##")&"; ",""))) -> Airway 4; Cardiovascular 1; Medical 2; PAHT 1; SVAT 1; CPR/AED 1;
